-- phpMyAdmin SQL Dump
-- version 4.7.0
-- https://www.phpmyadmin.net/
--
-- Host: 127.0.0.1
-- Generation Time: Dec 01, 2017 at 10:33 AM
-- Server version: 10.1.24-MariaDB
-- PHP Version: 7.1.6

SET SQL_MODE = "NO_AUTO_VALUE_ON_ZERO";
SET AUTOCOMMIT = 0;
START TRANSACTION;
SET time_zone = "+00:00";


/*!40101 SET @OLD_CHARACTER_SET_CLIENT=@@CHARACTER_SET_CLIENT */;
/*!40101 SET @OLD_CHARACTER_SET_RESULTS=@@CHARACTER_SET_RESULTS */;
/*!40101 SET @OLD_COLLATION_CONNECTION=@@COLLATION_CONNECTION */;
/*!40101 SET NAMES utf8mb4 */;

--
-- Database: `library`
--

-- --------------------------------------------------------

--
-- Table structure for table `authors`
--

CREATE TABLE `authors` (
  `id` int(10) UNSIGNED NOT NULL,
  `name` varchar(191) COLLATE utf8mb4_unicode_ci NOT NULL,
  `photo_path` varchar(191) COLLATE utf8mb4_unicode_ci NOT NULL DEFAULT '/img/no-avatar.jpg',
  `bio` longtext COLLATE utf8mb4_unicode_ci NOT NULL,
  `created_at` date DEFAULT NULL,
  `updated_at` date DEFAULT NULL
) ENGINE=InnoDB DEFAULT CHARSET=utf8mb4 COLLATE=utf8mb4_unicode_ci;

--
-- Dumping data for table `authors`
--

INSERT INTO `authors` (`id`, `name`, `photo_path`, `bio`, `created_at`, `updated_at`) VALUES
(1, 'Lorem Ipsum ', '/img/no-avatar.jpg', 'Lorem Ipsum is simply dummy text of the printing and typesetting industry. Lorem Ipsum has been the industry\'s standard dummy text ever since the 1500s, when an unknown printer took a galley of type and scrambled it to make a type specimen book. It has survived not only five centuries, but also the leap into electronic typesetting, remaining essentially unchanged. It was popularised in the 1960s with the release of Letraset sheets containing Lorem Ipsum passages, and more recently with desktop publishing software like Aldus PageMaker including versions of Lorem Ipsum.', NULL, NULL),
(6, 'Pablo Emilio Escobar Gaviria', '/img/authors/220px-Pablo_Escobar_Mug.jpg', 'Pablo Emilio Escobar Gaviria (Spanish pronunciation: [ˈpaβ̞lo eˈmiljo eskoˈβ̞aɾ ɣ̞aˈβ̞iɾja]; 1 December 1949 – 2 December 1993) was a Colombian drug lord and narcoterrorist. His cartel supplied an estimated 80% of the cocaine smuggled into the United States at the height of his career, turning over US $21.9 billion a year in personal income.[2][3] He was often called \"The King of Cocaine\" and was the wealthiest criminal in history, with an estimated known net worth of US $30 billion by the early 1990s (equivalent to about $55 billion as of 2016),[4] making him one of the richest men in the world in his prime.[5][6]\r\n\r\nEscobar was born in Rionegro, Colombia and grew up in nearby Medellín. He studied briefly at Universidad Autónoma Latinoamericana of Medellin but left without a degree; he began to engage in criminal activity that involved selling contraband cigarettes and fake lottery tickets, and he participated in motor vehicle theft. In the 1970s, he began to work for various contraband smugglers, often kidnapping and holding people for ransom before beginning to distribute powder cocaine himself, as well as establishing the first smuggling routes into the United States in 1975. His infiltration to the drug market of the U.S. expanded exponentially due to the rising demand for cocaine and, by the 1980s, it was estimated that 70 to 80 tons of cocaine were being shipped from Colombia to the U.S. on a monthly basis. His drug network was commonly known as the Medellín Cartel, which often competed with rival cartels domestically and abroad, resulting in massacres and the murders of police officers, judges, locals, and prominent politicians.\r\n\r\nIn 1982, Escobar was elected as an alternate member of the Chamber of Representatives of Colombia as part of the Liberal Alternative movement. Through this, he was responsible for the construction of houses and football fields in western Colombia, which gained him notable popularity among the locals of the towns that he frequented. However, Colombia became the murder capital of the world, and Escobar was vilified by the Colombian and American governments.[7] In 1993, Escobar was shot and killed in his hometown by Colombian National Police, one day after his 44th birthday.[8][9]', '2017-11-24', '2017-11-24'),
(12, 'Карл Май', '/img/no-avatar.jpg', '<p><strong>Карл Май</strong> (на <a title=\"Немски език\" href=\"https://bg.wikipedia.org/wiki/%D0%9D%D0%B5%D0%BC%D1%81%D0%BA%D0%B8_%D0%B5%D0%B7%D0%B8%D0%BA\">немски</a>: <em><span lang=\"de\">Karl May</span></em>) е <a title=\"Германия\" href=\"https://bg.wikipedia.org/wiki/%D0%93%D0%B5%D1%80%D0%BC%D0%B0%D0%BD%D0%B8%D1%8F\">германски</a> <a title=\"Писател\" href=\"https://bg.wikipedia.org/wiki/%D0%9F%D0%B8%D1%81%D0%B0%D1%82%D0%B5%D0%BB\">писател</a> и <a title=\"Поет\" href=\"https://bg.wikipedia.org/wiki/%D0%9F%D0%BE%D0%B5%D1%82\">поет</a>. Известен е като автор на десетки романи за <a title=\"Индианци\" href=\"https://bg.wikipedia.org/wiki/%D0%98%D0%BD%D0%B4%D0%B8%D0%B0%D0%BD%D1%86%D0%B8\">индианци</a>. Неговите най-известни герои са <em><a title=\"Винету\" href=\"https://bg.wikipedia.org/wiki/%D0%92%D0%B8%D0%BD%D0%B5%D1%82%D1%83\">Винету</a></em> и <em>Поразяващата ръка (<a title=\"Олд Шетърхенд\" href=\"https://bg.wikipedia.org/wiki/%D0%9E%D0%BB%D0%B4_%D0%A8%D0%B5%D1%82%D1%8A%D1%80%D1%85%D0%B5%D0%BD%D0%B4\">Олд Шетърхенд</a>)</em>.</p>\r\n<p>В България творчеството на големия писател става известно благодарение на отличния преводач и почитател на творчеството му <a class=\"new\" title=\"Веселин Радков (страницата не съществува)\" href=\"https://bg.wikipedia.org/w/index.php?title=%D0%92%D0%B5%D1%81%D0%B5%D0%BB%D0%B8%D0%BD_%D0%A0%D0%B0%D0%B4%D0%BA%D0%BE%D0%B2&amp;action=edit&amp;redlink=1\">Веселин Радков</a>.</p>\r\n<h2><span id=\".D0.91.D0.B8.D0.BE.D0.B3.D1.80.D0.B0.D1.84.D0.B8.D1.8F\" class=\"mw-headline\">Биография</span></h2>\r\n<p>Роден в семейство на беден тъкач, Карл Май е 5-то дете. От общо 14 братя и сестри 9 умират рано. Самият той поради недохранване губи зрението си и лекарите успяват да го възстановят, когато малкият Карл е на 4-годишна възраст.</p>\r\n<p>Учил за учител и преподавал няколко години, той е осъден и лежи в <a title=\"Затвор\" href=\"https://bg.wikipedia.org/wiki/%D0%97%D0%B0%D1%82%D0%B2%D0%BE%D1%80\">затвора</a> на няколко пъти, общо 7,5 г., за кражби, породени от лошото му финансово състояние. Започва да пише още в затвора, но едва когато се премества да живее и започва работа в <a title=\"Дрезден\" href=\"https://bg.wikipedia.org/wiki/%D0%94%D1%80%D0%B5%D0%B7%D0%B4%D0%B5%D0%BD\">Дрезден</a> като редактор, през <a title=\"1875\" href=\"https://bg.wikipedia.org/wiki/1875\">1875</a> г., публикува първия си роман &bdquo;Олд Файерхенд&ldquo;. Става действително известен с появата на &bdquo;Винету&ldquo;.</p>\r\n<h2><span id=\"Литературно_творчество\"></span><span id=\".D0.9B.D0.B8.D1.82.D0.B5.D1.80.D0.B0.D1.82.D1.83.D1.80.D0.BD.D0.BE_.D1.82.D0.B2.D0.BE.D1.80.D1.87.D0.B5.D1.81.D1.82.D0.B2.D0.BE\" class=\"mw-headline\">Литературно творчество</span></h2>\r\n<p>Следват над 80 тома с романи, разкази и стихове, между които &bdquo;Винету&ldquo;, &bdquo;Съкровището в сребърното езеро&ldquo;, &bdquo;Капитан Кайман&ldquo;, &bdquo;Завещанието на инката&ldquo;, &bdquo;Кралят на петрола&ldquo;, &bdquo;Черният мустанг&ldquo;, &bdquo;Край Рио де ла Плата&ldquo;, &bdquo;Олд Шетърхенд&ldquo;, &bdquo;Горски призрак&ldquo;, &bdquo;<a title=\"Под сянката на падишаха\" href=\"https://bg.wikipedia.org/wiki/%D0%9F%D0%BE%D0%B4_%D1%81%D1%8F%D0%BD%D0%BA%D0%B0%D1%82%D0%B0_%D0%BD%D0%B0_%D0%BF%D0%B0%D0%B4%D0%B8%D1%88%D0%B0%D1%85%D0%B0\">През пустинята</a>&ldquo;, &bdquo;<a title=\"Синът на ловеца на мечки\" href=\"https://bg.wikipedia.org/wiki/%D0%A1%D0%B8%D0%BD%D1%8A%D1%82_%D0%BD%D0%B0_%D0%BB%D0%BE%D0%B2%D0%B5%D1%86%D0%B0_%D0%BD%D0%B0_%D0%BC%D0%B5%D1%87%D0%BA%D0%B8\">Синът на ловеца на мечки</a>&ldquo;, &bdquo;<a title=\"Призрака на Ляно Естакадо\" href=\"https://bg.wikipedia.org/wiki/%D0%9F%D1%80%D0%B8%D0%B7%D1%80%D0%B0%D0%BA%D0%B0_%D0%BD%D0%B0_%D0%9B%D1%8F%D0%BD%D0%BE_%D0%95%D1%81%D1%82%D0%B0%D0%BA%D0%B0%D0%B4%D0%BE\">Призрака на Ляно Естакадо</a>&ldquo;, цикъла романи &bdquo;<a title=\"Под сянката на падишаха\" href=\"https://bg.wikipedia.org/wiki/%D0%9F%D0%BE%D0%B4_%D1%81%D1%8F%D0%BD%D0%BA%D0%B0%D1%82%D0%B0_%D0%BD%D0%B0_%D0%BF%D0%B0%D0%B4%D0%B8%D1%88%D0%B0%D1%85%D0%B0\">Под сянката на падишаха</a>&ldquo; (включващ &bdquo;През дивия Кюрдистан&ldquo;, &bdquo;От Багдад до Истанбул&ldquo;, &bdquo;В дебрите на Балканите&ldquo;, &bdquo;През страната на скипетарите&ldquo;, &bdquo;Жълтоликият&ldquo;), &bdquo;<a title=\"Князът на бледоликите\" href=\"https://bg.wikipedia.org/wiki/%D0%9A%D0%BD%D1%8F%D0%B7%D1%8A%D1%82_%D0%BD%D0%B0_%D0%B1%D0%BB%D0%B5%D0%B4%D0%BE%D0%BB%D0%B8%D0%BA%D0%B8%D1%82%D0%B5\">Князът на бледоликите</a>&ldquo;, &bdquo;<a title=\"Отчето-нож\" href=\"https://bg.wikipedia.org/wiki/%D0%9E%D1%82%D1%87%D0%B5%D1%82%D0%BE-%D0%BD%D0%BE%D0%B6\">Отчето-нож</a>&ldquo; и др.</p>\r\n<p>В повечето романи се среща и героят му, станал известен с бойното име <em>Олд Шетърхенд</em> (<em>Поразяващата ръка</em>). Често описва събитията от първо лице единствено число и така мнозина си мислят, че самият Карл Май е Олд Шетърхенд.</p>\r\n<p>В <a title=\"Ориент\" href=\"https://bg.wikipedia.org/wiki/%D0%9E%D1%80%D0%B8%D0%B5%D0%BD%D1%82\">Ориента</a> главният герой в романите на Май е известен като Кара бен Немзи (Карл, син на Германия).</p>\r\n<p>В романите му за Америка добрите герои обикновено са от немски произход, а лошите са <a title=\"Янки\" href=\"https://bg.wikipedia.org/wiki/%D0%AF%D0%BD%D0%BA%D0%B8\">янки</a>. Отнася се със симпатии към <a class=\"mw-redirect\" title=\"Негри\" href=\"https://bg.wikipedia.org/wiki/%D0%9D%D0%B5%D0%B3%D1%80%D0%B8\">негрите</a> и с уважение и тъга към представителите на някои индиански племена (главно <a title=\"Апачи\" href=\"https://bg.wikipedia.org/wiki/%D0%90%D0%BF%D0%B0%D1%87%D0%B8\">апачите</a>), като в същото време други са изобразени в крайно отрицателна светлина (кайова, юта и пр.).</p>\r\n<p>Най-популярният му индиански герой&nbsp;&ndash; &bdquo;Винету&ldquo;, е вожд на апачите, кръвен брат на Олд Шетърхенд.</p>\r\n<p>Карл Май използва книгите си, за да споделя разбирането си за <a title=\"Християнство\" href=\"https://bg.wikipedia.org/wiki/%D0%A5%D1%80%D0%B8%D1%81%D1%82%D0%B8%D1%8F%D0%BD%D1%81%D1%82%D0%B2%D0%BE\">християнството</a> като религия на доброто. Героят му винаги успява да надделее в споровете на религиозна тема, които води, както с <a class=\"mw-redirect\" title=\"Мюсюлманите\" href=\"https://bg.wikipedia.org/wiki/%D0%9C%D1%8E%D1%81%D1%8E%D0%BB%D0%BC%D0%B0%D0%BD%D0%B8%D1%82%D0%B5\">мюсюлманите</a>, така и с атеистите в Америка. В 3-ия том на &bdquo;Винету&ldquo; самият индиански вожд приема християнството преди смъртта си. Впрочем в издадените в България книги преди <a class=\"mw-redirect\" title=\"10 ноември 1989\" href=\"https://bg.wikipedia.org/wiki/10_%D0%BD%D0%BE%D0%B5%D0%BC%D0%B2%D1%80%D0%B8_1989\">10 ноември 1989</a> г. религиозната тема е слабо засегната поради идеологически съображения&nbsp;&ndash; да не се допусне пропаганда на религията.</p>\r\n<p>Тъй като Карл Май не е посещавал Америка, още по-малко Дивия запад (едва през 1908 г. той посещава само някои източни щати), описаните живот, култура и обичаи на коренните жители на Америка донякъде се различават от действителните. На това се дължи създадената в Европа сред многобройните читатели на тези увлекателни книги не напълно вярна представа за американските индианци (вероятно поради тази причина, в САЩ Карл Май не е особено популярен).</p>', '2017-11-29', '2017-11-29');
INSERT INTO `authors` (`id`, `name`, `photo_path`, `bio`, `created_at`, `updated_at`) VALUES
(13, 'Стивън Кинг', '/img/authors/author_5a1eb41cb3030', '<h2><span id=\".D0.91.D0.B8.D0.BE.D0.B3.D1.80.D0.B0.D1.84.D0.B8.D1.8F\" class=\"mw-headline\">Биография</span></h2>\r\n<h3><span id=\"Ранни_години\"></span><span id=\".D0.A0.D0.B0.D0.BD.D0.BD.D0.B8_.D0.B3.D0.BE.D0.B4.D0.B8.D0.BD.D0.B8\" class=\"mw-headline\">Ранни години</span></h3>\r\n<p>Стивън Кинг е роден в <a title=\"Портланд (Мейн)\" href=\"https://bg.wikipedia.org/wiki/%D0%9F%D0%BE%D1%80%D1%82%D0%BB%D0%B0%D0%BD%D0%B4_(%D0%9C%D0%B5%D0%B9%D0%BD)\">Портланд</a>, щата <a title=\"Мейн\" href=\"https://bg.wikipedia.org/wiki/%D0%9C%D0%B5%D0%B9%D0%BD\">Мейн</a>, в семейството на Доналд и Рут Пилсбъри Кинг. През 1949 г, когато Кинг е на две, баща му напуска семейството и Рут отглежда сама Стивън и по-големия му брат Дейвид, понякога изпадайки в големи финансови затруднения. Започват да се местят в различни градове, като най-накрая се установяват в Дърам, Мейн, където се грижат за родителите на Рут до смъртта им.</p>\r\n<p>&nbsp;</p>\r\n<p>Стивън Кинг пише своите първи истории на 7-годишна възраст. В училище той продава на своите съученици разказите, които пише. Той не е обичан от учителите и след като го разкриват, е принуден да върне печалбите от своите продажби.</p>\r\n<p>&nbsp;</p>\r\n<p>Стивън печата разказите си на циклостилната машина на брат си Дейвид, който издава списанието &bdquo;Парцалът на Дейв&ldquo; (<em>Dave\'s Rag</em>). &bdquo;Парцалът на Дейв&ldquo; се занимава с местни събития и Стивън често допринася за него.</p>\r\n<p>&nbsp;</p>\r\n<p>На 13 години той намира кашон със стари книги на баща си, основно хорър и научна фантастика. Това е важно преживяване за него и силно повлиява младия писател.</p>\r\n<p>&nbsp;</p>\r\n<h3><span id=\"Университетски_години_и_живот_в_нищета\"></span><span id=\".D0.A3.D0.BD.D0.B8.D0.B2.D0.B5.D1.80.D1.81.D0.B8.D1.82.D0.B5.D1.82.D1.81.D0.BA.D0.B8_.D0.B3.D0.BE.D0.B4.D0.B8.D0.BD.D0.B8_.D0.B8_.D0.B6.D0.B8.D0.B2.D0.BE.D1.82_.D0.B2_.D0.BD.D0.B8.D1.89.D0.B5.D1.82.D0.B0\" class=\"mw-headline\">Университетски години и живот в нищета</span></h3>\r\n<p>От 1966 до 1970 г. Кинг следва английски език в университета в Мейн. Там той пише колона в училищното списание, наречена &bdquo;Боклукчийската кола на Кинг&ldquo; (<em>King\'s Garbage Truck</em>). За да се издържа, Кинг се захваща със най-различни работи. Една от тях е в индустриална пералня, където той събира материал за разказа си <em>The Mangler</em>. Вероятно разказът &bdquo;Аз бях тинейджър обирджия на гробове&ldquo;, вероятно е бил замислен в периода, когато Кинг е работил като гробар; това е първият му публикуван разказ (1966).</p>\r\n<p>&nbsp;</p>\r\n<p>След университета, Кинг получава сертификат за преподаване на английски език на гимназиално ниво, но тъй като не успял веднага да си намери работа, доходите му идвали основно от разкази, публикувани в мъжки списания. Много от тях са публикувани в сборника &bdquo;<a title=\"Нощна смяна\" href=\"https://bg.wikipedia.org/wiki/%D0%9D%D0%BE%D1%89%D0%BD%D0%B0_%D1%81%D0%BC%D1%8F%D0%BD%D0%B0\">Нощна смяна</a>&ldquo;. През 1971 г. Кинг се жени за <a class=\"new\" title=\"Табита Спърс (страницата не съществува)\" href=\"https://bg.wikipedia.org/w/index.php?title=%D0%A2%D0%B0%D0%B1%D0%B8%D1%82%D0%B0_%D0%A1%D0%BF%D1%8A%D1%80%D1%81&amp;action=edit&amp;redlink=1\">Табита Спърс</a>, с която са колеги от университета. През есента на същата година започва работа като преподавател в Хемпдън, Мейн. Продължава да пише разкази за различни списания и работи върху идеите си за романи. Въпреки това, финансовото състояние на семейството е много лошо &ndash; Кинг живее с жена си и детето си в каравана, като често се налага да им спират телефона поради неплатени сметки. В този период Кинг започва да се пристрастява към алкохола. С този проблем той се бори цяло десетилетие.</p>\r\n<p>&nbsp;</p>\r\n<h3><span id=\"Творби_от_70-те_и_80-те_години\"></span><span id=\".D0.A2.D0.B2.D0.BE.D1.80.D0.B1.D0.B8_.D0.BE.D1.82_70-.D1.82.D0.B5_.D0.B8_80-.D1.82.D0.B5_.D0.B3.D0.BE.D0.B4.D0.B8.D0.BD.D0.B8\" class=\"mw-headline\">Творби от 70-те и 80-те години</span></h3>\r\n<h4><span id=\"&bdquo;Кери&ldquo;_и_последвалите_успехи\"></span><span id=\".E2.80.9E.D0.9A.D0.B5.D1.80.D0.B8.E2.80.9C_.D0.B8_.D0.BF.D0.BE.D1.81.D0.BB.D0.B5.D0.B4.D0.B2.D0.B0.D0.BB.D0.B8.D1.82.D0.B5_.D1.83.D1.81.D0.BF.D0.B5.D1.85.D0.B8\" class=\"mw-headline\">&bdquo;<a title=\"Кери (книга)\" href=\"https://bg.wikipedia.org/wiki/%D0%9A%D0%B5%D1%80%D0%B8_(%D0%BA%D0%BD%D0%B8%D0%B3%D0%B0)\">Кери</a>&ldquo; и последвалите успехи</span></h4>\r\n<p>През този период Стивън Кинг започва няколко романа, сред които историята за момиче със свръхестествени психични сили. В отчаянието си изхвърля ръкописа в боклука. По-късно той открива, че Табита го е спасила, и това го насърчава да завърши романа, наричайки го <em>&bdquo;<a title=\"Кери (книга)\" href=\"https://bg.wikipedia.org/wiki/%D0%9A%D0%B5%D1%80%D0%B8_(%D0%BA%D0%BD%D0%B8%D0%B3%D0%B0)\">Кери</a>&ldquo;</em>. През 1973 г. той изпраща &bdquo;Кери&ldquo; на свой приятел от издателството <em>Doubleday</em>. По-късно получава предложение от тях да купят романа за 2500 долара (това не е голяма сума за роман, дори по онова време). Години по-късно правата за книгата са продадени за 400 000 долара (като половината са за издателя). По това време, семейството се мести в южен Мейн, поради влошеното здраве на майката на Кинг. В този период започва роман озаглавен &bdquo;Второто пришествие&ldquo;, който впоследствие е променен на &bdquo;Джеруселъмс лот&ldquo;, за да се стигне до &bdquo;<a title=\"Сейлъмс Лот\" href=\"https://bg.wikipedia.org/wiki/%D0%A1%D0%B5%D0%B9%D0%BB%D1%8A%D0%BC%D1%81_%D0%9B%D0%BE%D1%82\">Сейлъмс Лот</a>&ldquo; (издаден през 1975). Майка му не доживява да види големия му успех &ndash; тя умира от <a class=\"new\" title=\"Рак на матката (страницата не съществува)\" href=\"https://bg.wikipedia.org/w/index.php?title=%D0%A0%D0%B0%D0%BA_%D0%BD%D0%B0_%D0%BC%D0%B0%D1%82%D0%BA%D0%B0%D1%82%D0%B0&amp;action=edit&amp;redlink=1\">рак на матката</a> през февруари 1974 г. След като получава първия си хонорар, той се отказва от учителството за сметка на писателската си дейност. Първото нещо, което купува с хонорара, е сешоар на жена си.</p>\r\n<p>&nbsp;</p>\r\n<p>Скоро след смъртта на Рут, семейството се мести в <a title=\"Боулдър\" href=\"https://bg.wikipedia.org/wiki/%D0%91%D0%BE%D1%83%D0%BB%D0%B4%D1%8A%D1%80\">Боулдър</a>, <a title=\"Колорадо\" href=\"https://bg.wikipedia.org/wiki/%D0%9A%D0%BE%D0%BB%D0%BE%D1%80%D0%B0%D0%B4%D0%BE\">Колорадо</a>, където Кинг написва &bdquo;<a title=\"Сияние (роман)\" href=\"https://bg.wikipedia.org/wiki/%D0%A1%D0%B8%D1%8F%D0%BD%D0%B8%D0%B5_(%D1%80%D0%BE%D0%BC%D0%B0%D0%BD)\">Сияние</a>&ldquo; (издаден през 1977). Връщат се в Мейн през 1975 г., където той завършва четвъртия си роман &bdquo;<a class=\"mw-redirect\" title=\"Сблъсък\" href=\"https://bg.wikipedia.org/wiki/%D0%A1%D0%B1%D0%BB%D1%8A%D1%81%D1%8A%D0%BA\">Сблъсък</a>&ldquo; (издаден през 1978). През 1977 г., семейството пътува за кратко до <a title=\"Англия\" href=\"https://bg.wikipedia.org/wiki/%D0%90%D0%BD%D0%B3%D0%BB%D0%B8%D1%8F\">Англия</a>, след което се завръща в Мейн, където Кинг дава уроци по писане в Мейнския Университет.</p>\r\n<p>&nbsp;</p>\r\n<h4><span id=\"Тъмната_кула\"></span><span id=\".D0.A2.D1.8A.D0.BC.D0.BD.D0.B0.D1.82.D0.B0_.D0.BA.D1.83.D0.BB.D0.B0\" class=\"mw-headline\"><a class=\"new\" title=\"Тъмната кула (поредица) (страницата не съществува)\" href=\"https://bg.wikipedia.org/w/index.php?title=%D0%A2%D1%8A%D0%BC%D0%BD%D0%B0%D1%82%D0%B0_%D0%BA%D1%83%D0%BB%D0%B0_(%D0%BF%D0%BE%D1%80%D0%B5%D0%B4%D0%B8%D1%86%D0%B0)&amp;action=edit&amp;redlink=1\">Тъмната кула</a></span></h4>\r\n<p>В края на 70-те Кинг започва серия от истории за самотния стрелец Роланд, който преследва &bdquo;Мъжът в черно&ldquo; в алтернативна вселена, кръстоска между <a class=\"mw-redirect\" title=\"Джон Роналд Руел Толкин\" href=\"https://bg.wikipedia.org/wiki/%D0%94%D0%B6%D0%BE%D0%BD_%D0%A0%D0%BE%D0%BD%D0%B0%D0%BB%D0%B4_%D0%A0%D1%83%D0%B5%D0%BB_%D0%A2%D0%BE%D0%BB%D0%BA%D0%B8%D0%BD\">Толкиновата</a> <a title=\"Средна земя\" href=\"https://bg.wikipedia.org/wiki/%D0%A1%D1%80%D0%B5%D0%B4%D0%BD%D0%B0_%D0%B7%D0%B5%D0%BC%D1%8F\">Средна земя</a> и американския див запад, представен от <a title=\"Спагети-уестърн\" href=\"https://bg.wikipedia.org/wiki/%D0%A1%D0%BF%D0%B0%D0%B3%D0%B5%D1%82%D0%B8-%D1%83%D0%B5%D1%81%D1%82%D1%8A%D1%80%D0%BD\">спагети-уестърните</a> на <a title=\"Клинт Истууд\" href=\"https://bg.wikipedia.org/wiki/%D0%9A%D0%BB%D0%B8%D0%BD%D1%82_%D0%98%D1%81%D1%82%D1%83%D1%83%D0%B4\">Клинт Истууд</a> и <a title=\"Серджо Леоне\" href=\"https://bg.wikipedia.org/wiki/%D0%A1%D0%B5%D1%80%D0%B4%D0%B6%D0%BE_%D0%9B%D0%B5%D0%BE%D0%BD%D0%B5\">Серджо Леоне</a>. Първоначално са издадени като пет притурки към Списанието за фентъзи и научна фантастика в периода 1977&nbsp;&ndash; 1981 г. Впоследствие историята прераства в седемтомната епопея &bdquo;<a class=\"new\" title=\"Тъмната кула (поредица) (страницата не съществува)\" href=\"https://bg.wikipedia.org/w/index.php?title=%D0%A2%D1%8A%D0%BC%D0%BD%D0%B0%D1%82%D0%B0_%D0%BA%D1%83%D0%BB%D0%B0_(%D0%BF%D0%BE%D1%80%D0%B5%D0%B4%D0%B8%D1%86%D0%B0)&amp;action=edit&amp;redlink=1\">Тъмната кула</a>&ldquo;, която ще излиза постепенно през следващите четири десетилетия.</p>\r\n<p>&nbsp;</p>\r\n<p>През 1982 г, петте притурки са издадени заедно с твърда корица от <a class=\"new\" title=\"Доналд Грант (страницата не съществува)\" href=\"https://bg.wikipedia.org/w/index.php?title=%D0%94%D0%BE%D0%BD%D0%B0%D0%BB%D0%B4_%D0%93%D1%80%D0%B0%D0%BD%D1%82&amp;action=edit&amp;redlink=1\">Доналд Грант</a> с черно-бели и цветни илюстрации, дело на <a class=\"new\" title=\"Майкъл Уелан (страницата не съществува)\" href=\"https://bg.wikipedia.org/w/index.php?title=%D0%9C%D0%B0%D0%B9%D0%BA%D1%8A%D0%BB_%D0%A3%D0%B5%D0%BB%D0%B0%D0%BD&amp;action=edit&amp;redlink=1\">Майкъл Уелан</a>, под заглавието &bdquo;<a title=\"Тъмната кула I: Стрелецът\" href=\"https://bg.wikipedia.org/wiki/%D0%A2%D1%8A%D0%BC%D0%BD%D0%B0%D1%82%D0%B0_%D0%BA%D1%83%D0%BB%D0%B0_I:_%D0%A1%D1%82%D1%80%D0%B5%D0%BB%D0%B5%D1%86%D1%8A%D1%82\">Тъмната кула I: Стрелецът</a>&ldquo;. Всяка глава носи същото заглавие, което и съответния разказ от списанието. Тиражът е 10 000 копия, което е сравнително малко за издание с твърди корици от Кинг (романът от 1980 г, \"<a class=\"new\" title=\"Подпалвачката/Живата факла (страницата не съществува)\" href=\"https://bg.wikipedia.org/w/index.php?title=%D0%9F%D0%BE%D0%B4%D0%BF%D0%B0%D0%BB%D0%B2%D0%B0%D1%87%D0%BA%D0%B0%D1%82%D0%B0/%D0%96%D0%B8%D0%B2%D0%B0%D1%82%D0%B0_%D1%84%D0%B0%D0%BA%D0%BB%D0%B0&amp;action=edit&amp;redlink=1\">Подпалвачката/Живата факла</a> \" е в тираж от 100 000 копия, а &bdquo;<a title=\"Кристин\" href=\"https://bg.wikipedia.org/wiki/%D0%9A%D1%80%D0%B8%D1%81%D1%82%D0%B8%D0%BD\">Кристин</a>&ldquo; от 1983&nbsp;&ndash; 250 000). Издаването на &bdquo;Стрелецът&ldquo; не е широко рекламирано и е разпространено единствено в специализирани книжарници за научна фантастика. Книгата не се намира в по-големите книжарници, освен по специална поръчка. Разпространил се слух между читателите, че има нова книга на Стивън Кинг, за която знаели много малко хора, а още по-малко са чели. След като първоначалните 10 000 копия били продадени, през 1984 г, от тираж излизат още 10 000, но търсенето продължава. Това е началото на магнум опуса на фантастичната епика на Стивън Кинг. Първите две издания са търсени от колекционери както на Стивън Кинг, така и на Майкъл Уелан.</p>\r\n<p>&nbsp;</p>\r\n<p>През 1987 г, излиза втората част &bdquo;<a title=\"Тъмната кула II: Трите карти\" href=\"https://bg.wikipedia.org/wiki/%D0%A2%D1%8A%D0%BC%D0%BD%D0%B0%D1%82%D0%B0_%D0%BA%D1%83%D0%BB%D0%B0_II:_%D0%A2%D1%80%D0%B8%D1%82%D0%B5_%D0%BA%D0%B0%D1%80%D1%82%D0%B8\">Тъмната кула II: Трите карти</a>&ldquo;, в която Роланд взима трима души от <a title=\"Съединени американски щати\" href=\"https://bg.wikipedia.org/wiki/%D0%A1%D1%8A%D0%B5%D0%B4%D0%B8%D0%BD%D0%B5%D0%BD%D0%B8_%D0%B0%D0%BC%D0%B5%D1%80%D0%B8%D0%BA%D0%B0%D0%BD%D1%81%D0%BA%D0%B8_%D1%89%D0%B0%D1%82%D0%B8\">САЩ</a> от двадесети век в неговия свят през магически врати. Грант публикува &bdquo;Трите карти&ldquo; с илюстрации от <a class=\"new\" title=\"Фил Хейл (страницата не съществува)\" href=\"https://bg.wikipedia.org/w/index.php?title=%D0%A4%D0%B8%D0%BB_%D0%A5%D0%B5%D0%B9%D0%BB&amp;action=edit&amp;redlink=1\">Фил Хейл</a> в малко по-голям тираж (30 000 копия), който все още е доста под обичайния за ново издание с твърди клорици (&bdquo;<a title=\"То (роман)\" href=\"https://bg.wikipedia.org/wiki/%D0%A2%D0%BE_(%D1%80%D0%BE%D0%BC%D0%B0%D0%BD)\">То</a>&ldquo; е публикуван през 1986 г, в тираж от 1 000 000 копия). Кинг смята, че &bdquo;Тъмната кула&ldquo; би представлявала интерес за определена група почитатели и е против книгата да се издаде в по-голям тираж. Най-сетне, в края на 80-те под натиска на издатели и фенове (до този момента по-малко от 50 000 от милионите му фенове притежават книга от поредицата) Кинг се съгласява поредицата да се издаде с меки корици и в по-голям тираж. Поредицата достига седем книги, последната от която &bdquo;<a class=\"new\" title=\"Тъмната кула VII: Тъмната кула (страницата не съществува)\" href=\"https://bg.wikipedia.org/w/index.php?title=%D0%A2%D1%8A%D0%BC%D0%BD%D0%B0%D1%82%D0%B0_%D0%BA%D1%83%D0%BB%D0%B0_VII:_%D0%A2%D1%8A%D0%BC%D0%BD%D0%B0%D1%82%D0%B0_%D0%BA%D1%83%D0%BB%D0%B0&amp;action=edit&amp;redlink=1\">Тъмната кула VII: Тъмната кула</a>&ldquo; излиза през 2004 г.</p>\r\n<p>&nbsp;</p>\r\n<p>В началото на 2000 г, Кинг преработва &bdquo;Стрелецът&ldquo;, тъй като според него гласът и образите от оригиналните истории от 70-те не съвпадат с тези от последната част. Тогава авторът осъзнава колко значително се е променил стилът му през изминалите 27 години. Преработената версия е издадена през 2003 г.</p>\r\n<p>&nbsp;</p>\r\n<h4><span id=\"Борба_с_пристрастеността\"></span><span id=\".D0.91.D0.BE.D1.80.D0.B1.D0.B0_.D1.81_.D0.BF.D1.80.D0.B8.D1.81.D1.82.D1.80.D0.B0.D1.81.D1.82.D0.B5.D0.BD.D0.BE.D1.81.D1.82.D1.82.D0.B0\" class=\"mw-headline\">Борба с пристрастеността</span></h4>\r\n<p>В автобиографичната книга &bdquo;<a class=\"new\" title=\"За писането: Мемоари на занаята (страницата не съществува)\" href=\"https://bg.wikipedia.org/w/index.php?title=%D0%97%D0%B0_%D0%BF%D0%B8%D1%81%D0%B0%D0%BD%D0%B5%D1%82%D0%BE:_%D0%9C%D0%B5%D0%BC%D0%BE%D0%B0%D1%80%D0%B8_%D0%BD%D0%B0_%D0%B7%D0%B0%D0%BD%D0%B0%D1%8F%D1%82%D0%B0&amp;action=edit&amp;redlink=1\">За писането: Мемоари на занаята</a>&ldquo; Кинг признава, че повече от десет години има сериозен алкохолен проблем. Малко след като написва &bdquo;<a title=\"Томичукалата\" href=\"https://bg.wikipedia.org/wiki/%D0%A2%D0%BE%D0%BC%D0%B8%D1%87%D1%83%D0%BA%D0%B0%D0%BB%D0%B0%D1%82%D0%B0\">Томичукалата</a>&ldquo; (1988 г.) семейството и приятелите му се намесват, показвайки му намерените в неговия боклук доказателства за пристрастяванията му: бирени кутии, цигарени угарки, <a title=\"Кокаин\" href=\"https://bg.wikipedia.org/wiki/%D0%9A%D0%BE%D0%BA%D0%B0%D0%B8%D0%BD\">кокаин</a>, Ксанакс, Валиум, Никуил, сироп за кашлица и <a title=\"Марихуана\" href=\"https://bg.wikipedia.org/wiki/%D0%9C%D0%B0%D1%80%D0%B8%D1%85%D1%83%D0%B0%D0%BD%D0%B0\">марихуана</a>. Той търси помощ и се отказва от пиенето в края на 80-те години.</p>\r\n<p>&nbsp;</p>\r\n<h4><span id=\"Ричард_Бакман\"></span><span id=\".D0.A0.D0.B8.D1.87.D0.B0.D1.80.D0.B4_.D0.91.D0.B0.D0.BA.D0.BC.D0.B0.D0.BD\" class=\"mw-headline\">Ричард Бакман</span></h4>\r\n<ul>\r\n<li><em><a title=\"Ричард Бакман\" href=\"https://bg.wikipedia.org/wiki/%D0%A0%D0%B8%D1%87%D0%B0%D1%80%D0%B4_%D0%91%D0%B0%D0%BA%D0%BC%D0%B0%D0%BD\">Основна статия</a>.</em></li>\r\n</ul>\r\n<p>&nbsp;</p>\r\n<p>В края на 70-те и началото на 80-те Кинг публикува няколко кратки романа&nbsp;&ndash; &bdquo;<a title=\"Гняв\" href=\"https://bg.wikipedia.org/wiki/%D0%93%D0%BD%D1%8F%D0%B2\">Гняв</a>&ldquo; (1977), &bdquo;<a title=\"Дългата разходка\" href=\"https://bg.wikipedia.org/wiki/%D0%94%D1%8A%D0%BB%D0%B3%D0%B0%D1%82%D0%B0_%D1%80%D0%B0%D0%B7%D1%85%D0%BE%D0%B4%D0%BA%D0%B0\">Дългата разходка</a>&ldquo; (1979), &bdquo;<a title=\"Пътна мрежа\" href=\"https://bg.wikipedia.org/wiki/%D0%9F%D1%8A%D1%82%D0%BD%D0%B0_%D0%BC%D1%80%D0%B5%D0%B6%D0%B0\">Пътна мрежа</a>&ldquo; (1981), &bdquo;<a class=\"new\" title=\"Бягащия човек (страницата не съществува)\" href=\"https://bg.wikipedia.org/w/index.php?title=%D0%91%D1%8F%D0%B3%D0%B0%D1%89%D0%B8%D1%8F_%D1%87%D0%BE%D0%B2%D0%B5%D0%BA&amp;action=edit&amp;redlink=1\">Бягащия човек</a>&ldquo; (1982) и &bdquo;<a title=\"Проклятието\" href=\"https://bg.wikipedia.org/wiki/%D0%9F%D1%80%D0%BE%D0%BA%D0%BB%D1%8F%D1%82%D0%B8%D0%B5%D1%82%D0%BE\">Проклятието</a>&ldquo; (1984)&nbsp;&ndash; под псевдонима Ричард Бакман. Целта му е да провери дали може да повтори успеха си и да успокои притесненията си, че популярността може да е само съдбовна случайност. Алтернативно обяснение (или допълващо) е, че псевдонимът е заради издателските стандарти, които позволявали по една книга на година.<sup id=\"cite_ref-kingbachman_2-0\" class=\"reference\"><a href=\"https://bg.wikipedia.org/wiki/%D0%A1%D1%82%D0%B8%D0%B2%D1%8A%D0%BD_%D0%9A%D0%B8%D0%BD%D0%B3#cite_note-kingbachman-2\">[2]</a></sup></p>\r\n<p>&nbsp;</p>\r\n<p>Романите на Бакман съдържат намеци кой е истинският автор, които са схванати от феновете, и през 1985 г. Кинг признава авторството. &bdquo;<a title=\"Тъмната половина\" href=\"https://bg.wikipedia.org/wiki/%D0%A2%D1%8A%D0%BC%D0%BD%D0%B0%D1%82%D0%B0_%D0%BF%D0%BE%D0%BB%D0%BE%D0%B2%D0%B8%D0%BD%D0%B0\">Тъмната половина</a>&ldquo; (1989) е посветена &bdquo;на покойния Ричард Бакман&ldquo;, а през 1996 г, когато излиза &bdquo;<a title=\"Град Отчаяние\" href=\"https://bg.wikipedia.org/wiki/%D0%93%D1%80%D0%B0%D0%B4_%D0%9E%D1%82%D1%87%D0%B0%D1%8F%D0%BD%D0%B8%D0%B5\">Град Отчаяние</a>&ldquo; от Стивън Кинг, той е придружен от &bdquo;<a class=\"new\" title=\"Отмъстителите (роман) (страницата не съществува)\" href=\"https://bg.wikipedia.org/w/index.php?title=%D0%9E%D1%82%D0%BC%D1%8A%D1%81%D1%82%D0%B8%D1%82%D0%B5%D0%BB%D0%B8%D1%82%D0%B5_(%D1%80%D0%BE%D0%BC%D0%B0%D0%BD)&amp;action=edit&amp;redlink=1\">Отмъстителите</a>&ldquo;, който носи името на Бакман. (Кинг твърди, че ръкописът е намерен сред вещите на покойния писател.)</p>\r\n<p>&nbsp;</p>\r\n<p>На пресконференция през 2006 г. Кинг заявява, че е открил друг роман от Бакман озаглавен &bdquo;<a title=\"Огън (роман на Стивън Кинг)\" href=\"https://bg.wikipedia.org/wiki/%D0%9E%D0%B3%D1%8A%D0%BD_(%D1%80%D0%BE%D0%BC%D0%B0%D0%BD_%D0%BD%D0%B0_%D0%A1%D1%82%D0%B8%D0%B2%D1%8A%D0%BD_%D0%9A%D0%B8%D0%BD%D0%B3)\">Огън</a>&ldquo;. Всъщност ръкописът е открит в Университета на Мейн в <a class=\"new\" title=\"Ороно (страницата не съществува)\" href=\"https://bg.wikipedia.org/w/index.php?title=%D0%9E%D1%80%D0%BE%D0%BD%D0%BE&amp;action=edit&amp;redlink=1\">Ороно</a>, след което Кинг го пренаписва и издава през 2007 г.</p>\r\n<p>&nbsp;</p>\r\n<h3><span id=\"Катастрофата_и_евентуално_оттегляне\"></span><span id=\".D0.9A.D0.B0.D1.82.D0.B0.D1.81.D1.82.D1.80.D0.BE.D1.84.D0.B0.D1.82.D0.B0_.D0.B8_.D0.B5.D0.B2.D0.B5.D0.BD.D1.82.D1.83.D0.B0.D0.BB.D0.BD.D0.BE_.D0.BE.D1.82.D1.82.D0.B5.D0.B3.D0.BB.D1.8F.D0.BD.D0.B5\" class=\"mw-headline\">Катастрофата и евентуално оттегляне</span></h3>\r\n<p>На <a title=\"19 юни\" href=\"https://bg.wikipedia.org/wiki/19_%D1%8E%D0%BD%D0%B8\">19 юни</a> <a title=\"1999\" href=\"https://bg.wikipedia.org/wiki/1999\">1999</a> г., около 16:30 Кинг четял книга и вървял по тротоара до шосе №5 в Ловел, Мейн. Шофьорът Брайън Смит, разсеян от кучето му на задната седалка на минивана си, блъска Кинг, който пада на около 4 метра от тротоара на шосето. Според заместник-шерифа Кинг е ударен отзад, а някои от свидетелите заявили, че шофьорът не е карал прекалено бързо или безразсъдно.</p>\r\n<p>&nbsp;</p>\r\n<p>Кинг е достатъчно в съзнание, за да даде на заместник-шерифа номера за връзка със семейството му. Авторът е настанен първоначално в болница в Брайтън, а от там с хеликоптер в Люистън. Нараняванията му (пробит ляв бял дроб, множество фрактури в краката, разкъсване на скалпа, счупено бедро) го задържат в болницата до 9 юли. Костите на краката му първоначално са толкова раздробени, че докторите предлагат ампутация, но в крайна сметка ги фиксирали с външна шина. След пет операции в рамките на десет дни Кинг се завърнал към работата си върху &bdquo;За писането&ldquo; през юли, въпреки че краката го болели и можел да седи само около 40 минути преди болката да стане нетърпима.</p>\r\n<p>&nbsp;</p>\r\n<p>Адвокатът на Кинг и двама други закупили вана на Смит за 1 500 долара, за да не се появи в <a title=\"EBay\" href=\"https://bg.wikipedia.org/wiki/EBay\">eBay</a>. По-късно ванът е предаден на гробище за коли за голямо съжаление на Кинг, който планирал да го разбие с бухалка щом кракът му оздравее.</p>\r\n<p>&nbsp;</p>\r\n<p>Две години по-късно Кинг заболява от пневмония като резултат от спукания бял дроб. През това време Табита предекорира студиото му. Докато траяла работата авторът посещава студиото и вижда как би изглеждало то, ако бе починал. Тази случка е семето зародило &bdquo;<a class=\"mw-redirect\" title=\"Романът на Лизи\" href=\"https://bg.wikipedia.org/wiki/%D0%A0%D0%BE%D0%BC%D0%B0%D0%BD%D1%8A%D1%82_%D0%BD%D0%B0_%D0%9B%D0%B8%D0%B7%D0%B8\">Романът на Лизи</a>&ldquo;.</p>\r\n<p>&nbsp;</p>\r\n<h3><span id=\"Новият_век\"></span><span id=\".D0.9D.D0.BE.D0.B2.D0.B8.D1.8F.D1.82_.D0.B2.D0.B5.D0.BA\" class=\"mw-headline\">Новият век</span></h3>\r\n<p>През 2002 г. Кинг обявява, че ще се откаже от писането поради болките си и намалената издръжливост. Въпреки това продължава да пише, &bdquo;но с много по-бавно темпо от преди&ldquo;.</p>\r\n<p>&nbsp;</p>\r\n<p>През 2000 г. публикува он-лайн романа &bdquo;<a class=\"new\" title=\"Растението (страницата не съществува)\" href=\"https://bg.wikipedia.org/w/index.php?title=%D0%A0%D0%B0%D1%81%D1%82%D0%B5%D0%BD%D0%B8%D0%B5%D1%82%D0%BE&amp;action=edit&amp;redlink=1\">Растението</a>&ldquo; и новелата &bdquo;<a class=\"new\" title=\"Riding the Bullet (страницата не съществува)\" href=\"https://bg.wikipedia.org/w/index.php?title=Riding_the_Bullet&amp;action=edit&amp;redlink=1\">Riding the Bullet</a>&ldquo; и заявява, че според него електронните книги ще представляват 50% от пазара &bdquo;вероятно до 2013, може би 2012 г. Но ето и нещо за размисъл &ndash; хората се уморяват бързо от новите играчки&ldquo;.</p>\r\n<p>&nbsp;</p>\r\n<p>През 2006 г. е отпечатан апокалиптичния роман &bdquo;<a title=\"Клетка\" href=\"https://bg.wikipedia.org/wiki/%D0%9A%D0%BB%D0%B5%D1%82%D0%BA%D0%B0\">Клетка</a>&ldquo;, в който се разказва за неизвестна сила, която превръща всеки потребител на клетъчен телефон в безмозъчен убиец.</p>\r\n<p>&nbsp;</p>\r\n<p>През 2007 г. <a title=\"Марвел Комикс\" href=\"https://bg.wikipedia.org/wiki/%D0%9C%D0%B0%D1%80%D0%B2%D0%B5%D0%BB_%D0%9A%D0%BE%D0%BC%D0%B8%D0%BA%D1%81\">Марвел Комикс</a> започват издаването на комикси базирани на поредицата &bdquo;Тъмната кула&ldquo;, които са последвани от такива по &bdquo;Сблъсък&ldquo; (2008) и &bdquo;Талисманът&ldquo; (2009).</p>\r\n<p>&nbsp;</p>\r\n<p>През 2008 г. Кинг публикува романа &bdquo;<a class=\"mw-redirect\" title=\"Дума ки\" href=\"https://bg.wikipedia.org/wiki/%D0%94%D1%83%D0%BC%D0%B0_%D0%BA%D0%B8\">Дума ки</a>&ldquo; и сборник с разкази &bdquo;<a class=\"new\" title=\"Точно след залеза (страницата не съществува)\" href=\"https://bg.wikipedia.org/w/index.php?title=%D0%A2%D0%BE%D1%87%D0%BD%D0%BE_%D1%81%D0%BB%D0%B5%D0%B4_%D0%B7%D0%B0%D0%BB%D0%B5%D0%B7%D0%B0&amp;action=edit&amp;redlink=1\">Точно след залеза</a>&ldquo;. В последния е включена новелата &bdquo;Н&ldquo;, която по-късно е адаптирана в анимационен сериал, който може да бъде гледан безплатно, а срещу малка сума може да бъде свален и с по-високо качество; след това е издаден в ограничен тираж и като комикс.</p>\r\n<p>&nbsp;</p>\r\n<p>През 2009 г, Кинг публикува електронната новелата &bdquo;<a class=\"new\" title=\"Ур (новела) (страницата не съществува)\" href=\"https://bg.wikipedia.org/w/index.php?title=%D0%A3%D1%80_(%D0%BD%D0%BE%D0%B2%D0%B5%D0%BB%D0%B0)&amp;action=edit&amp;redlink=1\">Ур</a>&ldquo; и написва заедно със сина си <a title=\"Джо Хил\" href=\"https://bg.wikipedia.org/wiki/%D0%94%D0%B6%D0%BE_%D0%A5%D0%B8%D0%BB\">Джо Хил</a> новелата &bdquo;<a class=\"new\" title=\"Throttle (страницата не съществува)\" href=\"https://bg.wikipedia.org/w/index.php?title=Throttle&amp;action=edit&amp;redlink=1\">Throttle</a>&ldquo;, която по-късно е издадена в аудио вариант под името &bdquo;Ярост на пътя&ldquo;, като в нея е включен и разказът &bdquo;<a class=\"new\" title=\"Дуел (разказа) (страницата не съществува)\" href=\"https://bg.wikipedia.org/w/index.php?title=%D0%94%D1%83%D0%B5%D0%BB_(%D1%80%D0%B0%D0%B7%D0%BA%D0%B0%D0%B7%D0%B0)&amp;action=edit&amp;redlink=1\">Дуел</a>&ldquo; от <a title=\"Ричард Матисън\" href=\"https://bg.wikipedia.org/wiki/%D0%A0%D0%B8%D1%87%D0%B0%D1%80%D0%B4_%D0%9C%D0%B0%D1%82%D0%B8%D1%81%D1%8A%D0%BD\">Ричард Матисън</a>. На 10 ноември същата година е издаден романът на Кинг &bdquo;<a title=\"Под купола\" href=\"https://bg.wikipedia.org/wiki/%D0%9F%D0%BE%D0%B4_%D0%BA%D1%83%D0%BF%D0%BE%D0%BB%D0%B0\">Под купола</a>&ldquo;, който е преработка на незавършен роман на от края на 70-те и началото на 80-те и е най-дългата книга на Кинг (1 074 страници) след &bdquo;<a title=\"То (роман)\" href=\"https://bg.wikipedia.org/wiki/%D0%A2%D0%BE_(%D1%80%D0%BE%D0%BC%D0%B0%D0%BD)\">То</a>&ldquo; от 1986 г. Дебютира на първо място в класацията на &bdquo;Ню Йорк Таймс&ldquo; за бестселър и на 3-то място в британската класация.</p>\r\n<p>&nbsp;</p>\r\n<h4><span id=\"2010_&ndash;_до_днес\"></span><span id=\"2010_.E2.80.93_.D0.B4.D0.BE_.D0.B4.D0.BD.D0.B5.D1.81\" class=\"mw-headline\">2010&nbsp;&ndash; до днес</span></h4>\r\n<p>През април 2010 е публикувана новелата &bdquo;<a class=\"new\" title=\"Blockade Billy (страницата не съществува)\" href=\"https://bg.wikipedia.org/w/index.php?title=Blockade_Billy&amp;action=edit&amp;redlink=1\">Blockade Billy</a>&ldquo;, а през ноември същата година излиза сборник с четири новели, озаглавен &bdquo;<a class=\"new\" title=\"Зъл мрак, угаснали звезди (страницата не съществува)\" href=\"https://bg.wikipedia.org/w/index.php?title=%D0%97%D1%8A%D0%BB_%D0%BC%D1%80%D0%B0%D0%BA,_%D1%83%D0%B3%D0%B0%D1%81%D0%BD%D0%B0%D0%BB%D0%B8_%D0%B7%D0%B2%D0%B5%D0%B7%D0%B4%D0%B8&amp;action=edit&amp;redlink=1\">Зъл мрак, угаснали звезди</a>&ldquo;. В края на годината <a title=\"ДиСи Комикс\" href=\"https://bg.wikipedia.org/wiki/%D0%94%D0%B8%D0%A1%D0%B8_%D0%9A%D0%BE%D0%BC%D0%B8%D0%BA%D1%81\">ДиСи Комикс</a> издават първия брой на &bdquo;<a class=\"new\" title=\"Американски вампир (комикс) (страницата не съществува)\" href=\"https://bg.wikipedia.org/w/index.php?title=%D0%90%D0%BC%D0%B5%D1%80%D0%B8%D0%BA%D0%B0%D0%BD%D1%81%D0%BA%D0%B8_%D0%B2%D0%B0%D0%BC%D0%BF%D0%B8%D1%80_(%D0%BA%D0%BE%D0%BC%D0%B8%D0%BA%D1%81)&amp;action=edit&amp;redlink=1\">Американски вампир</a>&ldquo;&nbsp;&ndash; месечен комикс, за който Кинг пише историите заедно със <a class=\"new\" title=\"Скот Шнайдер (страницата не съществува)\" href=\"https://bg.wikipedia.org/w/index.php?title=%D0%A1%D0%BA%D0%BE%D1%82_%D0%A8%D0%BD%D0%B0%D0%B9%D0%B4%D0%B5%D1%80&amp;action=edit&amp;redlink=1\">Скот Шнайдер</a>, а илюстрациите са на <a class=\"new\" title=\"Рафаел Албъкърк (страницата не съществува)\" href=\"https://bg.wikipedia.org/w/index.php?title=%D0%A0%D0%B0%D1%84%D0%B0%D0%B5%D0%BB_%D0%90%D0%BB%D0%B1%D1%8A%D0%BA%D1%8A%D1%80%D0%BA&amp;action=edit&amp;redlink=1\">Рафаел Албъкърк</a>. Това е първият оригинален комикс на писателя.</p>\r\n<p>&nbsp;</p>\r\n<p>Следващият роман на Кинг &bdquo;<a title=\"11/22/63\" href=\"https://bg.wikipedia.org/wiki/11/22/63\">11/22/63</a>&ldquo; е публикван на 8 ноември 2011 и е номиниран за <a title=\"Световна награда за фентъзи\" href=\"https://bg.wikipedia.org/wiki/%D0%A1%D0%B2%D0%B5%D1%82%D0%BE%D0%B2%D0%BD%D0%B0_%D0%BD%D0%B0%D0%B3%D1%80%D0%B0%D0%B4%D0%B0_%D0%B7%D0%B0_%D1%84%D0%B5%D0%BD%D1%82%D1%8A%D0%B7%D0%B8\">Световната награда за фентъзи</a> в категорията &bdquo;<a title=\"Световна награда за фентъзи за най-добър роман\" href=\"https://bg.wikipedia.org/wiki/%D0%A1%D0%B2%D0%B5%D1%82%D0%BE%D0%B2%D0%BD%D0%B0_%D0%BD%D0%B0%D0%B3%D1%80%D0%B0%D0%B4%D0%B0_%D0%B7%D0%B0_%D1%84%D0%B5%D0%BD%D1%82%D1%8A%D0%B7%D0%B8_%D0%B7%D0%B0_%D0%BD%D0%B0%D0%B9-%D0%B4%D0%BE%D0%B1%D1%8A%D1%80_%D1%80%D0%BE%D0%BC%D0%B0%D0%BD\">Най-добър роман</a>&ldquo;. Осмият том от поредицата за <a class=\"new\" title=\"Тъмната кула (поредица) (страницата не съществува)\" href=\"https://bg.wikipedia.org/w/index.php?title=%D0%A2%D1%8A%D0%BC%D0%BD%D0%B0%D1%82%D0%B0_%D0%BA%D1%83%D0%BB%D0%B0_(%D0%BF%D0%BE%D1%80%D0%B5%D0%B4%D0%B8%D1%86%D0%B0)&amp;action=edit&amp;redlink=1\">Тъмната кула</a>, озаглавен &bdquo;<a class=\"new\" title=\"Тъмната кула VII: Вятърът през ключалката (страницата не съществува)\" href=\"https://bg.wikipedia.org/w/index.php?title=%D0%A2%D1%8A%D0%BC%D0%BD%D0%B0%D1%82%D0%B0_%D0%BA%D1%83%D0%BB%D0%B0_VII:_%D0%92%D1%8F%D1%82%D1%8A%D1%80%D1%8A%D1%82_%D0%BF%D1%80%D0%B5%D0%B7_%D0%BA%D0%BB%D1%8E%D1%87%D0%B0%D0%BB%D0%BA%D0%B0%D1%82%D0%B0&amp;action=edit&amp;redlink=1\">Вятърът през ключалката</a>&ldquo;, е публикуван през следващата година. Той е последван от &bdquo;<a class=\"new\" title=\"Джойленд (страницата не съществува)\" href=\"https://bg.wikipedia.org/w/index.php?title=%D0%94%D0%B6%D0%BE%D0%B9%D0%BB%D0%B5%D0%BD%D0%B4&amp;action=edit&amp;redlink=1\">Джойленд</a>&ldquo;, който разказва за сериен убиец в луна парк. През 2013 г., излиза продължението на &bdquo;<a title=\"Сияние (роман)\" href=\"https://bg.wikipedia.org/wiki/%D0%A1%D0%B8%D1%8F%D0%BD%D0%B8%D0%B5_(%D1%80%D0%BE%D0%BC%D0%B0%D0%BD)\">Сияние</a>&ldquo; (1977), озаглавено &bdquo;<a class=\"new\" title=\"Доктор Сън (страницата не съществува)\" href=\"https://bg.wikipedia.org/w/index.php?title=%D0%94%D0%BE%D0%BA%D1%82%D0%BE%D1%80_%D0%A1%D1%8A%D0%BD&amp;action=edit&amp;redlink=1\">Доктор Сън</a>&ldquo;.</p>\r\n<p>&nbsp;</p>\r\n<h2><span id=\"Семеен_живот\"></span><span id=\".D0.A1.D0.B5.D0.BC.D0.B5.D0.B5.D0.BD_.D0.B6.D0.B8.D0.B2.D0.BE.D1.82\" class=\"mw-headline\">Семеен живот</span></h2>\r\n<p>Кинг и жена му притежават три къщи една в Бангор, една в Ловъл, Мейн, а през зимата ходят в имението си в Сарасота, Флорида. Двамата имат три деца и четири внучета.</p>\r\n<p>&nbsp;</p>\r\n<p>Табита Кинг е публикувала девет от романите си. И двамата сина на Кинг са издавани автори: <a class=\"new\" title=\"Оуен Кинг (страницата не съществува)\" href=\"https://bg.wikipedia.org/w/index.php?title=%D0%9E%D1%83%D0%B5%D0%BD_%D0%9A%D0%B8%D0%BD%D0%B3&amp;action=edit&amp;redlink=1\">Оуен Кинг</a> публикува първия си сборник с разкази &bdquo;<a class=\"new\" title=\"Всички сме заедно в това (страницата не съществува)\" href=\"https://bg.wikipedia.org/w/index.php?title=%D0%92%D1%81%D0%B8%D1%87%D0%BA%D0%B8_%D1%81%D0%BC%D0%B5_%D0%B7%D0%B0%D0%B5%D0%B4%D0%BD%D0%BE_%D0%B2_%D1%82%D0%BE%D0%B2%D0%B0&amp;action=edit&amp;redlink=1\">Всички сме заедно в това</a>&ldquo; през 2005 г.; <a class=\"new\" title=\"Джоузеф Хилстром (страницата не съществува)\" href=\"https://bg.wikipedia.org/w/index.php?title=%D0%94%D0%B6%D0%BE%D1%83%D0%B7%D0%B5%D1%84_%D0%A5%D0%B8%D0%BB%D1%81%D1%82%D1%80%D0%BE%D0%BC&amp;action=edit&amp;redlink=1\">Джоузеф Хилстром</a> публикува отличения с няколко награди сборник с разкази &bdquo;<a class=\"new\" title=\"Призраци от 20-ти век (страницата не съществува)\" href=\"https://bg.wikipedia.org/w/index.php?title=%D0%9F%D1%80%D0%B8%D0%B7%D1%80%D0%B0%D1%86%D0%B8_%D0%BE%D1%82_20-%D1%82%D0%B8_%D0%B2%D0%B5%D0%BA&amp;action=edit&amp;redlink=1\">Призраци от 20-ти век</a>&ldquo; през 2005 г., а правата за филмиране на първия му роман &bdquo;<a class=\"new\" title=\"Кутия с форма на сърце (страницата не съществува)\" href=\"https://bg.wikipedia.org/w/index.php?title=%D0%9A%D1%83%D1%82%D0%B8%D1%8F_%D1%81_%D1%84%D0%BE%D1%80%D0%BC%D0%B0_%D0%BD%D0%B0_%D1%81%D1%8A%D1%80%D1%86%D0%B5&amp;action=edit&amp;redlink=1\">Кутия с форма на сърце</a>&ldquo; са закупени от Уорнър Брос., но продукцията е спряна за момента.</p>\r\n<p>&nbsp;</p>\r\n<div class=\"thumb tright\">\r\n<div class=\"thumbinner\" style=\"width: 202px;\"><a class=\"image\" href=\"https://bg.wikipedia.org/wiki/%D0%A4%D0%B0%D0%B9%D0%BB:Stephenking_house.JPG\"><img class=\"thumbimage\" src=\"https://upload.wikimedia.org/wikipedia/commons/thumb/6/6c/Stephenking_house.JPG/200px-Stephenking_house.JPG\" alt=\"\" width=\"200\" height=\"150\" data-file-width=\"1024\" data-file-height=\"768\" /></a>\r\n<div class=\"thumbcaption\">&nbsp;</div>\r\n</div>\r\n</div>\r\n<div class=\"thumb tright\">\r\n<div class=\"thumbinner\" style=\"width: 202px;\">\r\n<div class=\"thumbcaption\">Къщата на Кинг в Бангор, Мейн.</div>\r\n</div>\r\n</div>\r\n<p>&nbsp;</p>\r\n<p>Дъщерята на Кинг Наоми прекарва две години като монахиня в Унитарната църква в Утика, Ню Йорк. След това тя се премества в Плантейшън, Флорида, където продължава духовната си работа заедно с партньорката си преподобната доктор Тандека.</p>\r\n<p>&nbsp;</p>\r\n<h2><span id=\"Творби\"></span><span id=\".D0.A2.D0.B2.D0.BE.D1.80.D0.B1.D0.B8\" class=\"mw-headline\">Творби</span></h2>\r\n<h3><span id=\"Стил\"></span><span id=\".D0.A1.D1.82.D0.B8.D0.BB\" class=\"mw-headline\">Стил</span></h3>\r\n<p>В &bdquo;За писането: Мемоари на занаята&ldquo; Кинг дискутира писането си. Той смята, че като цяло добрите истории не могат да се замислят съзнателно и не трябва да се планират предварително; по-добре е да се фокусираш върху отделна линия от историята и да я оставиш тя да те води. Той самият често започва история без да има представа как ще завърши. Дори разказва, че преди да завърши &bdquo;Тъмната кула&ldquo;, неизлечимо болна жена го попитала как ще свърши историята, сигурна, че ще умре преди да излезе последната част и той и казал, че не знае. Когато го питат, от къде взима идеите за историите си, той отговаря &bdquo;Имам сърце на малко момче... и го държа в буркан на бюрото си.&ldquo; (Репликата често е приписвана на <a title=\"Робърт Блох\" href=\"https://bg.wikipedia.org/wiki/%D0%A0%D0%BE%D0%B1%D1%8A%D1%80%D1%82_%D0%91%D0%BB%D0%BE%D1%85\">Робърт Блох</a>, авторът на &bdquo;<a class=\"new\" title=\"Психо (роман) (страницата не съществува)\" href=\"https://bg.wikipedia.org/w/index.php?title=%D0%9F%D1%81%D0%B8%D1%85%D0%BE_(%D1%80%D0%BE%D0%BC%D0%B0%D0%BD)&amp;action=edit&amp;redlink=1\">Психо</a>&ldquo;). Той има проста формула за доброто писане: &bdquo;Чети и пиши между четири и шест часа всеки ден. Ако не можеш да намериш време за това, не можеш да очакваш да станеш добър писател&ldquo;.</p>\r\n<p>&nbsp;</p>\r\n<p>Кинг е известен с наблюдателността и последователността си, както и с препратките си; много истории, които са на пръв поглед нямат нищо общо, често се оказват свързани посредством второстепенните герои, измислени градове или препратки към събития в предишни книги. Сюжетите на повечето от книгите му се развиват в Мейн, основно в градчето <a class=\"new\" title=\"Касъл Рок (Стивън Кинг) (страницата не съществува)\" href=\"https://bg.wikipedia.org/w/index.php?title=%D0%9A%D0%B0%D1%81%D1%8A%D0%BB_%D0%A0%D0%BE%D0%BA_(%D0%A1%D1%82%D0%B8%D0%B2%D1%8A%D0%BD_%D0%9A%D0%B8%D0%BD%D0%B3)&amp;action=edit&amp;redlink=1\">Касъл Рок</a>.</p>\r\n<p>&nbsp;</p>\r\n<p>Книгите на Кинг са пълни с препратки към американската история и култура, предимно мрачната и страшната им страна. Тези препратки са пръснати в историите на героите, като често обясняват страховете им. Често срещани са препратките за престъпления, войни (особено <a title=\"Виетнамска война\" href=\"https://bg.wikipedia.org/wiki/%D0%92%D0%B8%D0%B5%D1%82%D0%BD%D0%B0%D0%BC%D1%81%D0%BA%D0%B0_%D0%B2%D0%BE%D0%B9%D0%BD%D0%B0\">Виетнамската</a>), насилие, свръхестественото и <a title=\"Расизъм\" href=\"https://bg.wikipedia.org/wiki/%D0%A0%D0%B0%D1%81%D0%B8%D0%B7%D1%8A%D0%BC\">расизма</a>.</p>\r\n<p>&nbsp;</p>\r\n<p>Стилът му на писане на романи се сменя от минало в бъдеще, героите се развиват и разкриват, всяка глава се оформя подробно сама за себе си, поддържайки напрежението до края. Това продължава, докато романът не е завършен. Кинг често използва автори като главни герои, например Пол Шелдън, който е главен герой в &bdquo;<a title=\"Мизъри (роман)\" href=\"https://bg.wikipedia.org/wiki/%D0%9C%D0%B8%D0%B7%D1%8A%D1%80%D0%B8_(%D1%80%D0%BE%D0%BC%D0%B0%D0%BD)\">Мизъри</a>&ldquo; и Джак Торънс в &bdquo;<a title=\"Сияние (роман)\" href=\"https://bg.wikipedia.org/wiki/%D0%A1%D0%B8%D1%8F%D0%BD%D0%B8%D0%B5_(%D1%80%D0%BE%D0%BC%D0%B0%D0%BD)\">Сияние</a>&ldquo;.</p>\r\n<p>&nbsp;</p>\r\n<h3><span id=\"Влияния\"></span><span id=\".D0.92.D0.BB.D0.B8.D1.8F.D0.BD.D0.B8.D1.8F\" class=\"mw-headline\">Влияния</span></h3>\r\n<p>Кинг нарича <a title=\"Ричард Матисън\" href=\"https://bg.wikipedia.org/wiki/%D0%A0%D0%B8%D1%87%D0%B0%D1%80%D0%B4_%D0%9C%D0%B0%D1%82%D0%B8%D1%81%D1%8A%D0%BD\">Ричард Матисън</a> &bdquo;авторът, който ми повлия най-много като писател&ldquo;. И двамата автори изграждат сложни герои и мислите им от трето лице (само един пример за сходството между стиловете им на писане).</p>\r\n<p>&nbsp;</p>\r\n<p>Кинг е почитател и на <a title=\"Хауърд Лъвкрафт\" href=\"https://bg.wikipedia.org/wiki/%D0%A5%D0%B0%D1%83%D1%8A%D1%80%D0%B4_%D0%9B%D1%8A%D0%B2%D0%BA%D1%80%D0%B0%D1%84%D1%82\">Хауърд Лъвкрафт</a> като на няколко пъти го споменава в &bdquo;<a class=\"new\" title=\"Танц на ужаса (страницата не съществува)\" href=\"https://bg.wikipedia.org/w/index.php?title=%D0%A2%D0%B0%D0%BD%D1%86_%D0%BD%D0%B0_%D1%83%D0%B6%D0%B0%D1%81%D0%B0&amp;action=edit&amp;redlink=1\">Танц на ужаса</a>&ldquo;. Влиянието на Лъвкрафт се вижда в измислянето на странни древни божества, връзките между историите и съчетаването на изрезки от измислени вестници и документи като повествователни способи. Измислените градове на Кинг&nbsp;&ndash; <a class=\"new\" title=\"Джеруселъмс Лот (град) (страницата не съществува)\" href=\"https://bg.wikipedia.org/w/index.php?title=%D0%94%D0%B6%D0%B5%D1%80%D1%83%D1%81%D0%B5%D0%BB%D1%8A%D0%BC%D1%81_%D0%9B%D0%BE%D1%82_(%D0%B3%D1%80%D0%B0%D0%B4)&amp;action=edit&amp;redlink=1\">Джерусълъмс Лот</a>, <a class=\"new\" title=\"Касъл Рок (Стивън Кинг) (страницата не съществува)\" href=\"https://bg.wikipedia.org/w/index.php?title=%D0%9A%D0%B0%D1%81%D1%8A%D0%BB_%D0%A0%D0%BE%D0%BA_(%D0%A1%D1%82%D0%B8%D0%B2%D1%8A%D0%BD_%D0%9A%D0%B8%D0%BD%D0%B3)&amp;action=edit&amp;redlink=1\">Касъл Рок</a> и <a title=\"Дери\" href=\"https://bg.wikipedia.org/wiki/%D0%94%D0%B5%D1%80%D0%B8\">Дери</a>&nbsp;&ndash; напомнят за Акрам, Дънуич и Инсмут на Лъвкрафт. Кинг заимства в няколко истории и редица имена на герои и чудовища на Лъвкрафт, а същото така споменава произведението му &bdquo;<a class=\"new\" title=\"Некрономикон (страницата не съществува)\" href=\"https://bg.wikipedia.org/w/index.php?title=%D0%9D%D0%B5%D0%BA%D1%80%D0%BE%D0%BD%D0%BE%D0%BC%D0%B8%D0%BA%D0%BE%D0%BD&amp;action=edit&amp;redlink=1\">Некрономикон</a>&ldquo;. Разказът &bdquo;<a title=\"Джирусълъмс лот\" href=\"https://bg.wikipedia.org/wiki/%D0%94%D0%B6%D0%B8%D1%80%D1%83%D1%81%D1%8A%D0%BB%D1%8A%D0%BC%D1%81_%D0%BB%D0%BE%D1%82\">Джирусълъмс лот</a>&ldquo; от &bdquo;<a title=\"Нощна смяна\" href=\"https://bg.wikipedia.org/wiki/%D0%9D%D0%BE%D1%89%D0%BD%D0%B0_%D1%81%D0%BC%D1%8F%D0%BD%D0%B0\">Нощна смяна</a>&ldquo; също е израз на почитта на Кинг към Лъвкрафт. Между двамата има и разлики &ndash; обширната характеристика на героите и естествени диалози, които преобладават при Кинг, липсват в творчеството на Лъвкрафт.</p>\r\n<p>&nbsp;</p>\r\n<p>Друг автор повлиял сериозно на Кинг е <a class=\"mw-redirect\" title=\"Едгар Алан По\" href=\"https://bg.wikipedia.org/wiki/%D0%95%D0%B4%D0%B3%D0%B0%D1%80_%D0%90%D0%BB%D0%B0%D0%BD_%D0%9F%D0%BE\">Едгар Алан По</a>. В &bdquo;Сияние&ldquo;, фразата &bdquo;И червената смърт придоби власт над всички&ldquo; е отпратка към &bdquo;И тъмнина и гниене и Алената Смърт придобиха безпределно господство над всички&ldquo; от &bdquo;<a title=\"Маската на алената смърт\" href=\"https://bg.wikipedia.org/wiki/%D0%9C%D0%B0%D1%81%D0%BA%D0%B0%D1%82%D0%B0_%D0%BD%D0%B0_%D0%B0%D0%BB%D0%B5%D0%BD%D0%B0%D1%82%D0%B0_%D1%81%D0%BC%D1%8A%D1%80%D1%82\">Маската на алената смърт</a>&ldquo;. Темата на &bdquo;<a class=\"new\" title=\"Кадлилакът на Долан (страницата не съществува)\" href=\"https://bg.wikipedia.org/w/index.php?title=%D0%9A%D0%B0%D0%B4%D0%BB%D0%B8%D0%BB%D0%B0%D0%BA%D1%8A%D1%82_%D0%BD%D0%B0_%D0%94%D0%BE%D0%BB%D0%B0%D0%BD&amp;action=edit&amp;redlink=1\">Кадлилакът на Долан</a>&ldquo; е подобна на тази на &bdquo;<a title=\"Бъчвата с амонтилядо\" href=\"https://bg.wikipedia.org/wiki/%D0%91%D1%8A%D1%87%D0%B2%D0%B0%D1%82%D0%B0_%D1%81_%D0%B0%D0%BC%D0%BE%D0%BD%D1%82%D0%B8%D0%BB%D1%8F%D0%B4%D0%BE\">Бъчвата с амонтилядо</a>&ldquo;, като е включена и перефраза на оправданието на Фуртанато &bdquo;В името на Бога, Монтресор!&ldquo; В &bdquo;Сияние&ldquo; Кинг нарича По &bdquo;най-великия американски драскач&ldquo;.</p>\r\n<p>&nbsp;</p>\r\n<p>Влиянието на <a title=\"Брам Стокър\" href=\"https://bg.wikipedia.org/wiki/%D0%91%D1%80%D0%B0%D0%BC_%D0%A1%D1%82%D0%BE%D0%BA%D1%8A%D1%80\">Брам Стокър</a> е най-осезаемо в &bdquo;Сейлъмс Лот&ldquo;, която е сходна с &bdquo;<a class=\"mw-redirect\" title=\"Дракула\" href=\"https://bg.wikipedia.org/wiki/%D0%94%D1%80%D0%B0%D0%BA%D1%83%D0%BB%D0%B0\">Дракула</a>&ldquo;. Свързаната история &bdquo;Джирусълъмс лот&ldquo; наподобява &bdquo;<a class=\"new\" title=\"Леговището на Белия Червей (страницата не съществува)\" href=\"https://bg.wikipedia.org/w/index.php?title=%D0%9B%D0%B5%D0%B3%D0%BE%D0%B2%D0%B8%D1%89%D0%B5%D1%82%D0%BE_%D0%BD%D0%B0_%D0%91%D0%B5%D0%BB%D0%B8%D1%8F_%D0%A7%D0%B5%D1%80%D0%B2%D0%B5%D0%B9&amp;action=edit&amp;redlink=1\">Леговището на Белия Червей</a>&ldquo;.</p>\r\n<p>&nbsp;</p>\r\n<p>Кинг често заявява, че се възхищава на <a class=\"new\" title=\"Шърли Джаксън (страницата не съществува)\" href=\"https://bg.wikipedia.org/w/index.php?title=%D0%A8%D1%8A%D1%80%D0%BB%D0%B8_%D0%94%D0%B6%D0%B0%D0%BA%D1%81%D1%8A%D0%BD&amp;action=edit&amp;redlink=1\">Шърли Джаксън</a>. &bdquo;Сейлъмс Лот&ldquo; започва с цитат от &bdquo;<a class=\"new\" title=\"Призракът в къщата на хълма (страницата не съществува)\" href=\"https://bg.wikipedia.org/w/index.php?title=%D0%9F%D1%80%D0%B8%D0%B7%D1%80%D0%B0%D0%BA%D1%8A%D1%82_%D0%B2_%D0%BA%D1%8A%D1%89%D0%B0%D1%82%D0%B0_%D0%BD%D0%B0_%D1%85%D1%8A%D0%BB%D0%BC%D0%B0&amp;action=edit&amp;redlink=1\">Призракът в къщата на хълма</a>&ldquo;, централната сцена в &bdquo;<a class=\"new\" title=\"Бурята на века (книга от Стивън Кинг) (страницата не съществува)\" href=\"https://bg.wikipedia.org/w/index.php?title=%D0%91%D1%83%D1%80%D1%8F%D1%82%D0%B0_%D0%BD%D0%B0_%D0%B2%D0%B5%D0%BA%D0%B0_(%D0%BA%D0%BD%D0%B8%D0%B3%D0%B0_%D0%BE%D1%82_%D0%A1%D1%82%D0%B8%D0%B2%D1%8A%D0%BD_%D0%9A%D0%B8%D0%BD%D0%B3)&amp;action=edit&amp;redlink=1\">Бурята на века</a>&ldquo; е основана на Джаксановата &bdquo;<a class=\"new\" title=\"Лотарията (страницата не съществува)\" href=\"https://bg.wikipedia.org/w/index.php?title=%D0%9B%D0%BE%D1%82%D0%B0%D1%80%D0%B8%D1%8F%D1%82%D0%B0&amp;action=edit&amp;redlink=1\">Лотарията</a>&ldquo;. Тони &ndash; въображаемия приятел от &bdquo;Сиението&ldquo; силно напомня на адаша си от &bdquo;<a class=\"new\" title=\"Обесения (страницата не съществува)\" href=\"https://bg.wikipedia.org/w/index.php?title=%D0%9E%D0%B1%D0%B5%D1%81%D0%B5%D0%BD%D0%B8%D1%8F&amp;action=edit&amp;redlink=1\">Обесения</a>&ldquo;, а един от героите във &bdquo;Вълците от Кала&ldquo; дава отпратка към &bdquo;<a class=\"new\" title=\"Винаги сме живели в замъка (страницата не съществува)\" href=\"https://bg.wikipedia.org/w/index.php?title=%D0%92%D0%B8%D0%BD%D0%B0%D0%B3%D0%B8_%D1%81%D0%BC%D0%B5_%D0%B6%D0%B8%D0%B2%D0%B5%D0%BB%D0%B8_%D0%B2_%D0%B7%D0%B0%D0%BC%D1%8A%D0%BA%D0%B0&amp;action=edit&amp;redlink=1\">Винаги сме живели в замъка</a>&ldquo; на Джаксън (в същата книга не веднъж се споменава &bdquo;<a title=\"Врата към лятото\" href=\"https://bg.wikipedia.org/wiki/%D0%92%D1%80%D0%B0%D1%82%D0%B0_%D0%BA%D1%8A%D0%BC_%D0%BB%D1%8F%D1%82%D0%BE%D1%82%D0%BE\">Врата към лятото</a>&ldquo; на <a title=\"Робърт Хайнлайн\" href=\"https://bg.wikipedia.org/wiki/%D0%A0%D0%BE%D0%B1%D1%8A%D1%80%D1%82_%D0%A5%D0%B0%D0%B9%D0%BD%D0%BB%D0%B0%D0%B9%D0%BD\">Робърт Хайнлайн</a>).</p>\r\n<p>&nbsp;</p>\r\n<p>Кинг е голям почитател и на <a class=\"new\" title=\"Джон Макдоналд (страницата не съществува)\" href=\"https://bg.wikipedia.org/w/index.php?title=%D0%94%D0%B6%D0%BE%D0%BD_%D0%9C%D0%B0%D0%BA%D0%B4%D0%BE%D0%BD%D0%B0%D0%BB%D0%B4&amp;action=edit&amp;redlink=1\">Джон Макдоналд</a> и му посвещава новелата си &bdquo;<a class=\"new\" title=\"Слънчевото куче (страницата не съществува)\" href=\"https://bg.wikipedia.org/w/index.php?title=%D0%A1%D0%BB%D1%8A%D0%BD%D1%87%D0%B5%D0%B2%D0%BE%D1%82%D0%BE_%D0%BA%D1%83%D1%87%D0%B5&amp;action=edit&amp;redlink=1\">Слънчевото куче</a>&ldquo; и написва &bdquo;Ще ми липсваш стари приятелю&ldquo;. От своя страна Макдоналд пише предговор към &bdquo;<a title=\"Нощна смяна\" href=\"https://bg.wikipedia.org/wiki/%D0%9D%D0%BE%D1%89%D0%BD%D0%B0_%D1%81%D0%BC%D1%8F%D0%BD%D0%B0\">Нощна смяна</a>&ldquo; и дори, в един от последните си романи, прочутият му герой <a class=\"new\" title=\"Травис Макгий (страницата не съществува)\" href=\"https://bg.wikipedia.org/w/index.php?title=%D0%A2%D1%80%D0%B0%D0%B2%D0%B8%D1%81_%D0%9C%D0%B0%D0%BA%D0%B3%D0%B8%D0%B9&amp;action=edit&amp;redlink=1\">Травис Макгий</a> чете &bdquo;<a class=\"new\" title=\"Куджо (страницата не съществува)\" href=\"https://bg.wikipedia.org/w/index.php?title=%D0%9A%D1%83%D0%B4%D0%B6%D0%BE&amp;action=edit&amp;redlink=1\">Куджо</a>&ldquo;.</p>\r\n<p>&nbsp;</p>\r\n<p>През 1987 г, издателската къща на Кинг &bdquo;Филтрум прес&ldquo; издава &bdquo;<a class=\"new\" title=\"Идеалът, истински човек (страницата не съществува)\" href=\"https://bg.wikipedia.org/w/index.php?title=%D0%98%D0%B4%D0%B5%D0%B0%D0%BB%D1%8A%D1%82,_%D0%B8%D1%81%D1%82%D0%B8%D0%BD%D1%81%D0%BA%D0%B8_%D1%87%D0%BE%D0%B2%D0%B5%D0%BA&amp;action=edit&amp;redlink=1\">Идеалът, истински човек</a>&ldquo; от <a class=\"new\" title=\"Дон Робъртсън (страницата не съществува)\" href=\"https://bg.wikipedia.org/w/index.php?title=%D0%94%D0%BE%D0%BD_%D0%A0%D0%BE%D0%B1%D1%8A%D1%80%D1%82%D1%81%D1%8A%D0%BD&amp;action=edit&amp;redlink=1\">Дон Робъртсън</a>. В предисловието Кинг пише: \"Дон Робъртсън беше и е един от тримата автори, които ми повлияха, когато бях млад мъж опитващ да &bdquo;стане&ldquo; писател (другите двама са Ричард Матисън и Джон Макдоналд)\".</p>\r\n<p>&nbsp;</p>\r\n<p>В интервю за Amazon.com, Кинг казва, че едиствената книга, която е искал да напише е &bdquo;<a title=\"Повелителят на мухите\" href=\"https://bg.wikipedia.org/wiki/%D0%9F%D0%BE%D0%B2%D0%B5%D0%BB%D0%B8%D1%82%D0%B5%D0%BB%D1%8F%D1%82_%D0%BD%D0%B0_%D0%BC%D1%83%D1%85%D0%B8%D1%82%D0%B5\">Повелителят на мухите</a>&ldquo; от <a title=\"Уилям Голдинг\" href=\"https://bg.wikipedia.org/wiki/%D0%A3%D0%B8%D0%BB%D1%8F%D0%BC_%D0%93%D0%BE%D0%BB%D0%B4%D0%B8%D0%BD%D0%B3\">Уилям Голдинг</a>.</p>\r\n<p>&nbsp;</p>\r\n<p>В няколко от книгите си Кинг прави препратки към <a class=\"mw-redirect\" title=\"Джон Роналд Руел Толкин\" href=\"https://bg.wikipedia.org/wiki/%D0%94%D0%B6%D0%BE%D0%BD_%D0%A0%D0%BE%D0%BD%D0%B0%D0%BB%D0%B4_%D0%A0%D1%83%D0%B5%D0%BB_%D0%A2%D0%BE%D0%BB%D0%BA%D0%B8%D0%BD\">Толкиновите</a> &bdquo;<a title=\"Хобитът\" href=\"https://bg.wikipedia.org/wiki/%D0%A5%D0%BE%D0%B1%D0%B8%D1%82%D1%8A%D1%82\">Хобитът</a>&ldquo; и &bdquo;<a title=\"Властелинът на пръстените\" href=\"https://bg.wikipedia.org/wiki/%D0%92%D0%BB%D0%B0%D1%81%D1%82%D0%B5%D0%BB%D0%B8%D0%BD%D1%8A%D1%82_%D0%BD%D0%B0_%D0%BF%D1%80%D1%8A%D1%81%D1%82%D0%B5%D0%BD%D0%B8%D1%82%D0%B5\">Властелинът на пръстените</a>&ldquo;.</p>\r\n<p>&nbsp;</p>\r\n<p>В интервю от март 2009 г, Кинг казва: \"Хората гледат на авторите, които харесват като на незаменим ресурс. Поне аз. <a class=\"new\" title=\"Елмор Ленар (страницата не съществува)\" href=\"https://bg.wikipedia.org/w/index.php?title=%D0%95%D0%BB%D0%BC%D0%BE%D1%80_%D0%9B%D0%B5%D0%BD%D0%B0%D1%80&amp;action=edit&amp;redlink=1\">Елмор Ленар</a>, всеки ден се будя и не че имам махмурлук или нещо такова, въпреки че живот ми до днес е махмурлук не виждам некрологът му във вестника и си казвам &bdquo;Чудесно! Вероятно е някъде и работи. Ще напише нова книга и ще имам какво да чета.&ldquo; Защото, когато го няма, няма никой друг\".</p>\r\n<p>&nbsp;</p>\r\n<p>Като любими книги Кинг посочва: &bdquo;Златната флотилия&ldquo; (антология на англоезични разкази), &bdquo;<a title=\"Приключенията на Хъкълбери Фин\" href=\"https://bg.wikipedia.org/wiki/%D0%9F%D1%80%D0%B8%D0%BA%D0%BB%D1%8E%D1%87%D0%B5%D0%BD%D0%B8%D1%8F%D1%82%D0%B0_%D0%BD%D0%B0_%D0%A5%D1%8A%D0%BA%D1%8A%D0%BB%D0%B1%D0%B5%D1%80%D0%B8_%D0%A4%D0%B8%D0%BD\">Приключенията на Хъкълбери Фин</a>&ldquo; (<a title=\"Марк Твен\" href=\"https://bg.wikipedia.org/wiki/%D0%9C%D0%B0%D1%80%D0%BA_%D0%A2%D0%B2%D0%B5%D0%BD\">Марк Твен</a>), &bdquo;<a class=\"new\" title=\"Сатанински строфи (страницата не съществува)\" href=\"https://bg.wikipedia.org/w/index.php?title=%D0%A1%D0%B0%D1%82%D0%B0%D0%BD%D0%B8%D0%BD%D1%81%D0%BA%D0%B8_%D1%81%D1%82%D1%80%D0%BE%D1%84%D0%B8&amp;action=edit&amp;redlink=1\">Сатанински строфи</a>&ldquo; (<a title=\"Салман Рушди\" href=\"https://bg.wikipedia.org/wiki/%D0%A1%D0%B0%D0%BB%D0%BC%D0%B0%D0%BD_%D0%A0%D1%83%D1%88%D0%B4%D0%B8\">Салман Рушди</a>), &bdquo;<a class=\"new\" title=\"МакТаг (страницата не съществува)\" href=\"https://bg.wikipedia.org/w/index.php?title=%D0%9C%D0%B0%D0%BA%D0%A2%D0%B0%D0%B3&amp;action=edit&amp;redlink=1\">МакТаг</a>&ldquo; (<a class=\"new\" title=\"Франк Норис (страницата не съществува)\" href=\"https://bg.wikipedia.org/w/index.php?title=%D0%A4%D1%80%D0%B0%D0%BD%D0%BA_%D0%9D%D0%BE%D1%80%D0%B8%D1%81&amp;action=edit&amp;redlink=1\">Франк Норис</a>), &bdquo;<a title=\"Повелителят на мухите\" href=\"https://bg.wikipedia.org/wiki/%D0%9F%D0%BE%D0%B2%D0%B5%D0%BB%D0%B8%D1%82%D0%B5%D0%BB%D1%8F%D1%82_%D0%BD%D0%B0_%D0%BC%D1%83%D1%85%D0%B8%D1%82%D0%B5\">Повелителят на мухите</a>&ldquo; (<a title=\"Уилям Голдинг\" href=\"https://bg.wikipedia.org/wiki/%D0%A3%D0%B8%D0%BB%D1%8F%D0%BC_%D0%93%D0%BE%D0%BB%D0%B4%D0%B8%D0%BD%D0%B3\">Уилям Голдинг</a>), &bdquo;<a class=\"new\" title=\"Студеният дом (страницата не съществува)\" href=\"https://bg.wikipedia.org/w/index.php?title=%D0%A1%D1%82%D1%83%D0%B4%D0%B5%D0%BD%D0%B8%D1%8F%D1%82_%D0%B4%D0%BE%D0%BC&amp;action=edit&amp;redlink=1\">Студеният дом</a>&ldquo; (<a title=\"Чарлз Дикенс\" href=\"https://bg.wikipedia.org/wiki/%D0%A7%D0%B0%D1%80%D0%BB%D0%B7_%D0%94%D0%B8%D0%BA%D0%B5%D0%BD%D1%81\">Чарлз Дикенс</a>), &bdquo;<a title=\"1984 (книга)\" href=\"https://bg.wikipedia.org/wiki/1984_(%D0%BA%D0%BD%D0%B8%D0%B3%D0%B0)\">1984</a>&ldquo; (<a title=\"Джордж Оруел\" href=\"https://bg.wikipedia.org/wiki/%D0%94%D0%B6%D0%BE%D1%80%D0%B4%D0%B6_%D0%9E%D1%80%D1%83%D0%B5%D0%BB\">Джордж Оруел</a>), &bdquo;<a class=\"new\" title=\"Индийският квартет (страницата не съществува)\" href=\"https://bg.wikipedia.org/w/index.php?title=%D0%98%D0%BD%D0%B4%D0%B8%D0%B9%D1%81%D0%BA%D0%B8%D1%8F%D1%82_%D0%BA%D0%B2%D0%B0%D1%80%D1%82%D0%B5%D1%82&amp;action=edit&amp;redlink=1\">Индийският квартет</a>&ldquo; (<a class=\"new\" title=\"Пол Скот (страницата не съществува)\" href=\"https://bg.wikipedia.org/w/index.php?title=%D0%9F%D0%BE%D0%BB_%D0%A1%D0%BA%D0%BE%D1%82&amp;action=edit&amp;redlink=1\">Пол Скот</a>), &bdquo;<a class=\"new\" title=\"Светлина през август (страницата не съществува)\" href=\"https://bg.wikipedia.org/w/index.php?title=%D0%A1%D0%B2%D0%B5%D1%82%D0%BB%D0%B8%D0%BD%D0%B0_%D0%BF%D1%80%D0%B5%D0%B7_%D0%B0%D0%B2%D0%B3%D1%83%D1%81%D1%82&amp;action=edit&amp;redlink=1\">Светлина през август</a>&ldquo; (<a title=\"Уилям Фокнър\" href=\"https://bg.wikipedia.org/wiki/%D0%A3%D0%B8%D0%BB%D1%8F%D0%BC_%D0%A4%D0%BE%D0%BA%D0%BD%D1%8A%D1%80\">Уилям Фокнър</a>) и &bdquo;<a class=\"new\" title=\"Кървавият меридиан или вечерната червеност на запада (страницата не съществува)\" href=\"https://bg.wikipedia.org/w/index.php?title=%D0%9A%D1%8A%D1%80%D0%B2%D0%B0%D0%B2%D0%B8%D1%8F%D1%82_%D0%BC%D0%B5%D1%80%D0%B8%D0%B4%D0%B8%D0%B0%D0%BD_%D0%B8%D0%BB%D0%B8_%D0%B2%D0%B5%D1%87%D0%B5%D1%80%D0%BD%D0%B0%D1%82%D0%B0_%D1%87%D0%B5%D1%80%D0%B2%D0%B5%D0%BD%D0%BE%D1%81%D1%82_%D0%BD%D0%B0_%D0%B7%D0%B0%D0%BF%D0%B0%D0%B4%D0%B0&amp;action=edit&amp;redlink=1\">Кървавият меридиан или вечерната червеност на запада</a>&ldquo; (<a title=\"Кормак Маккарти\" href=\"https://bg.wikipedia.org/wiki/%D0%9A%D0%BE%D1%80%D0%BC%D0%B0%D0%BA_%D0%9C%D0%B0%D0%BA%D0%BA%D0%B0%D1%80%D1%82%D0%B8\">Кормак Маккарти</a>).</p>\r\n<p>&nbsp;</p>\r\n<h3><span id=\"Сътрудничества\"></span><span id=\".D0.A1.D1.8A.D1.82.D1.80.D1.83.D0.B4.D0.BD.D0.B8.D1.87.D0.B5.D1.81.D1.82.D0.B2.D0.B0\" class=\"mw-headline\">Сътрудничества</span></h3>\r\n<p>Кинг написва два романа с признатия автор на хоръри <a title=\"Питър Строб\" href=\"https://bg.wikipedia.org/wiki/%D0%9F%D0%B8%D1%82%D1%8A%D1%80_%D0%A1%D1%82%D1%80%D0%BE%D0%B1\">Питър Строб</a>&nbsp;&ndash; &bdquo;<a title=\"Талисманът\" href=\"https://bg.wikipedia.org/wiki/%D0%A2%D0%B0%D0%BB%D0%B8%D1%81%D0%BC%D0%B0%D0%BD%D1%8A%D1%82\">Талисманът</a>&ldquo; и продължението му &bdquo;<a class=\"new\" title=\"Черният Дом (страницата не съществува)\" href=\"https://bg.wikipedia.org/w/index.php?title=%D0%A7%D0%B5%D1%80%D0%BD%D0%B8%D1%8F%D1%82_%D0%94%D0%BE%D0%BC&amp;action=edit&amp;redlink=1\">Черният Дом</a>&ldquo;. Кинг е намеквал, че е много вероятно той и Строб да напишат третата последна книга от поредицата за Джак Сойър, но още на са определили кога да стане това.</p>\r\n<p>&nbsp;</p>\r\n<p>Кинг е автор и на &bdquo;<a class=\"new\" title=\"Верни (страницата не съществува)\" href=\"https://bg.wikipedia.org/w/index.php?title=%D0%92%D0%B5%D1%80%D0%BD%D0%B8&amp;action=edit&amp;redlink=1\">Верни</a>&ldquo;, която написва със <a class=\"new\" title=\"Стюърт О\'Нан (страницата не съществува)\" href=\"https://bg.wikipedia.org/w/index.php?title=%D0%A1%D1%82%D1%8E%D1%8A%D1%80%D1%82_%D0%9E%27%D0%9D%D0%B0%D0%BD&amp;action=edit&amp;redlink=1\">Стюърт О\'Нан</a> и е посветена на <a class=\"new\" title=\"Ред Сокс (страницата не съществува)\" href=\"https://bg.wikipedia.org/w/index.php?title=%D0%A0%D0%B5%D0%B4_%D0%A1%D0%BE%D0%BA%D1%81&amp;action=edit&amp;redlink=1\">Ред Сокс</a>.</p>\r\n<p>&nbsp;</p>\r\n<p>През 1996 г, Кинг работи заедно с <a class=\"mw-redirect\" title=\"Майкъл Джексън\" href=\"https://bg.wikipedia.org/wiki/%D0%9C%D0%B0%D0%B9%D0%BA%D1%8A%D0%BB_%D0%94%D0%B6%D0%B5%D0%BA%D1%81%D1%8A%D0%BD\">Майкъл Джексън</a> по &bdquo;<a class=\"new\" title=\"Ghosts (страницата не съществува)\" href=\"https://bg.wikipedia.org/w/index.php?title=Ghosts&amp;action=edit&amp;redlink=1\">Ghosts</a>&ldquo;&nbsp;&ndash; 40-минутно музикално видео, в което певецът е отшелник, който живее в имение и има неприятности с недружелюбна група хора от близкото градче.</p>\r\n<p>&nbsp;</p>\r\n<p>&bdquo;Throttle&ldquo; е новела, която Кинг пише заедно със сина си Джо Хил. Тя е включена в антологията &bdquo;Той е легенда: Честване на Ричард Матисън&ldquo;.</p>\r\n<p>&nbsp;</p>\r\n<p>&bdquo;<a class=\"new\" title=\"Дневникът на Елън Римбауер: Животът ми в Роуз Ред (страницата не съществува)\" href=\"https://bg.wikipedia.org/w/index.php?title=%D0%94%D0%BD%D0%B5%D0%B2%D0%BD%D0%B8%D0%BA%D1%8A%D1%82_%D0%BD%D0%B0_%D0%95%D0%BB%D1%8A%D0%BD_%D0%A0%D0%B8%D0%BC%D0%B1%D0%B0%D1%83%D0%B5%D1%80:_%D0%96%D0%B8%D0%B2%D0%BE%D1%82%D1%8A%D1%82_%D0%BC%D0%B8_%D0%B2_%D0%A0%D0%BE%D1%83%D0%B7_%D0%A0%D0%B5%D0%B4&amp;action=edit&amp;redlink=1\">Дневникът на Елън Римбауер: Животът ми в Роуз Ред</a>&ldquo; е издание с меки корици, което е вдъхновено от минисериала на Кинг &bdquo;<a class=\"new\" title=\"Роуз Ред (страницата не съществува)\" href=\"https://bg.wikipedia.org/w/index.php?title=%D0%A0%D0%BE%D1%83%D0%B7_%D0%A0%D0%B5%D0%B4&amp;action=edit&amp;redlink=1\">Роуз Ред</a>&ldquo;. Книгата е издадена от анонимен автор. Авторът всъщност е <a title=\"Ридли Пиърсън\" href=\"https://bg.wikipedia.org/wiki/%D0%A0%D0%B8%D0%B4%D0%BB%D0%B8_%D0%9F%D0%B8%D1%8A%D1%80%D1%81%D1%8A%D0%BD\">Ридли Пиърсън</a>. Това е един от малкото случаи, в които на автор му е позволено да напише книга с герои и сюжетни елементи взети от Кинг.</p>\r\n<p>&nbsp;</p>\r\n<p>Спекулира се, че Кинг, под псевдонима Гари Труп е автор на романа &bdquo;Лошия близнак&ldquo;, който е свързан със сериала &bdquo;Изгубени&ldquo;. Тази теория се подхранва от самия Кинг, който е голям почитател на сериала.</p>\r\n<p>&nbsp;</p>\r\n<p>Кинг заедно с <a class=\"new\" title=\"Джон Меленкамп (страницата не съществува)\" href=\"https://bg.wikipedia.org/w/index.php?title=%D0%94%D0%B6%D0%BE%D0%BD_%D0%9C%D0%B5%D0%BB%D0%B5%D0%BD%D0%BA%D0%B0%D0%BC%D0%BF&amp;action=edit&amp;redlink=1\">Джон Меленкамп</a> е автор на мюзикъла &bdquo;Духовете от черната провинция&ldquo;.</p>\r\n<p>&nbsp;</p>\r\n<p>Кинг свири на китара в рок групата <a class=\"new\" title=\"Rock Bottom Remainders (страницата не съществува)\" href=\"https://bg.wikipedia.org/w/index.php?title=Rock_Bottom_Remainders&amp;action=edit&amp;redlink=1\">Rock Bottom Remainders</a>, като още няколко от членовете и са писатели. Другите членове са <a class=\"new\" title=\"Дейв Бари (страницата не съществува)\" href=\"https://bg.wikipedia.org/w/index.php?title=%D0%94%D0%B5%D0%B9%D0%B2_%D0%91%D0%B0%D1%80%D0%B8&amp;action=edit&amp;redlink=1\">Дейв Бари</a>, <a title=\"Ридли Пиърсън\" href=\"https://bg.wikipedia.org/wiki/%D0%A0%D0%B8%D0%B4%D0%BB%D0%B8_%D0%9F%D0%B8%D1%8A%D1%80%D1%81%D1%8A%D0%BD\">Ридли Пиърсън</a>, <a title=\"Скот Търоу\" href=\"https://bg.wikipedia.org/wiki/%D0%A1%D0%BA%D0%BE%D1%82_%D0%A2%D1%8A%D1%80%D0%BE%D1%83\">Скот Търоу</a>, <a title=\"Ейми Тан\" href=\"https://bg.wikipedia.org/wiki/%D0%95%D0%B9%D0%BC%D0%B8_%D0%A2%D0%B0%D0%BD\">Ейми Тан</a>, <a class=\"new\" title=\"Джеймс Макбрайд (страницата не съществува)\" href=\"https://bg.wikipedia.org/w/index.php?title=%D0%94%D0%B6%D0%B5%D0%B9%D0%BC%D1%81_%D0%9C%D0%B0%D0%BA%D0%B1%D1%80%D0%B0%D0%B9%D0%B4&amp;action=edit&amp;redlink=1\">Джеймс Макбрайд</a>, <a class=\"new\" title=\"Мич Албъм (страницата не съществува)\" href=\"https://bg.wikipedia.org/w/index.php?title=%D0%9C%D0%B8%D1%87_%D0%90%D0%BB%D0%B1%D1%8A%D0%BC&amp;action=edit&amp;redlink=1\">Мич Албъм</a>, <a class=\"new\" title=\"Рой Блонт Джуниър (страницата не съществува)\" href=\"https://bg.wikipedia.org/w/index.php?title=%D0%A0%D0%BE%D0%B9_%D0%91%D0%BB%D0%BE%D0%BD%D1%82_%D0%94%D0%B6%D1%83%D0%BD%D0%B8%D1%8A%D1%80&amp;action=edit&amp;redlink=1\">Рой Блонт Джуниър</a>, <a title=\"Мат Грьонинг\" href=\"https://bg.wikipedia.org/wiki/%D0%9C%D0%B0%D1%82_%D0%93%D1%80%D1%8C%D0%BE%D0%BD%D0%B8%D0%BD%D0%B3\">Мат Грьонинг</a>, Кати Кеймен Голдмарк и <a class=\"new\" title=\"Грег Илс (страницата не съществува)\" href=\"https://bg.wikipedia.org/w/index.php?title=%D0%93%D1%80%D0%B5%D0%B3_%D0%98%D0%BB%D1%81&amp;action=edit&amp;redlink=1\">Грег Илс</a>. Кинг пише бележки под линия за трибют албума на <a title=\"Рамоунс\" href=\"https://bg.wikipedia.org/wiki/%D0%A0%D0%B0%D0%BC%D0%BE%D1%83%D0%BD%D1%81\">The Ramones</a> &bdquo;<a class=\"new\" title=\"We\'re a happy family (страницата не съществува)\" href=\"https://bg.wikipedia.org/w/index.php?title=We%27re_a_happy_family&amp;action=edit&amp;redlink=1\">We\'re a happy family</a>&ldquo;. През <a title=\"1988\" href=\"https://bg.wikipedia.org/wiki/1988\">1988</a> г., <a class=\"mw-redirect\" title=\"Blue &Ouml;yster Cult\" href=\"https://bg.wikipedia.org/wiki/Blue_%C3%96yster_Cult\">Blue &Ouml;yster Cult</a> правят кавър на тяхна &bdquo;<a class=\"new\" title=\"Astronomy (страницата не съществува)\" href=\"https://bg.wikipedia.org/w/index.php?title=Astronomy&amp;action=edit&amp;redlink=1\">Astronomy</a>&ldquo; (<a title=\"1974\" href=\"https://bg.wikipedia.org/wiki/1974\">1974</a>), в който Кинг е четец.</p>\r\n<p>&nbsp;</p>\r\n<p>На <a title=\"25 октомври\" href=\"https://bg.wikipedia.org/wiki/25_%D0%BE%D0%BA%D1%82%D0%BE%D0%BC%D0%B2%D1%80%D0%B8\">25 октомври</a> <a title=\"2009\" href=\"https://bg.wikipedia.org/wiki/2009\">2009</a> г. Вертиго (едно от изданията на <a title=\"ДиСи Комикс\" href=\"https://bg.wikipedia.org/wiki/%D0%94%D0%B8%D0%A1%D0%B8_%D0%9A%D0%BE%D0%BC%D0%B8%D0%BA%D1%81\">ДиСи Комикс</a>) обявява, че Кинг заедно със <a class=\"new\" title=\"Скот Шнайдер (страницата не съществува)\" href=\"https://bg.wikipedia.org/w/index.php?title=%D0%A1%D0%BA%D0%BE%D1%82_%D0%A8%D0%BD%D0%B0%D0%B9%D0%B4%D0%B5%D1%80&amp;action=edit&amp;redlink=1\">Скот Шнайдер</a> и <a class=\"new\" title=\"Рафаел Албакърк (страницата не съществува)\" href=\"https://bg.wikipedia.org/w/index.php?title=%D0%A0%D0%B0%D1%84%D0%B0%D0%B5%D0%BB_%D0%90%D0%BB%D0%B1%D0%B0%D0%BA%D1%8A%D1%80%D0%BA&amp;action=edit&amp;redlink=1\">Рафаел Албакърк</a> ще започнат през март <a title=\"2010\" href=\"https://bg.wikipedia.org/wiki/2010\">2010</a> серия комикси, озаглавена &bdquo;Американски вампир&ldquo;. Кинг трябва да напише историята на първия американски вампир в първите пет броя.</p>\r\n<p>&nbsp;</p>\r\n<p>През 2010 г. Кинг работи с музиканта <a class=\"new\" title=\"Шутър Дженкинс (страницата не съществува)\" href=\"https://bg.wikipedia.org/w/index.php?title=%D0%A8%D1%83%D1%82%D1%8A%D1%80_%D0%94%D0%B6%D0%B5%D0%BD%D0%BA%D0%B8%D0%BD%D1%81&amp;action=edit&amp;redlink=1\">Шутър Дженкинс</a> и групата му, като чете текста в по-голямата част от албума им &bdquo;<a class=\"new\" title=\"Black ribbons (страницата не съществува)\" href=\"https://bg.wikipedia.org/w/index.php?title=Black_ribbons&amp;action=edit&amp;redlink=1\">Black ribbons</a>&ldquo;.</p>\r\n<p>&nbsp;</p>\r\n<h3><span id=\"Екранизации\"></span><span id=\".D0.95.D0.BA.D1.80.D0.B0.D0.BD.D0.B8.D0.B7.D0.B0.D1.86.D0.B8.D0.B8\" class=\"mw-headline\">Екранизации</span></h3>\r\n<p><em>Виж &bdquo;<a class=\"new\" title=\"Филми по творби на Стивън Кинг (страницата не съществува)\" href=\"https://bg.wikipedia.org/w/index.php?title=%D0%A4%D0%B8%D0%BB%D0%BC%D0%B8_%D0%BF%D0%BE_%D1%82%D0%B2%D0%BE%D1%80%D0%B1%D0%B8_%D0%BD%D0%B0_%D0%A1%D1%82%D0%B8%D0%B2%D1%8A%D0%BD_%D0%9A%D0%B8%D0%BD%D0%B3&amp;action=edit&amp;redlink=1\">Филми по творби на Стивън Кинг</a>&ldquo;</em></p>\r\n<p>&nbsp;</p>\r\n<p>Много от романите на Кинг са филмирани за киното или телевизията.</p>\r\n<p>&nbsp;</p>\r\n<p>Любимите филмови адаптации на автора са &bdquo;<a title=\"Изкуплението Шоушенк\" href=\"https://bg.wikipedia.org/wiki/%D0%98%D0%B7%D0%BA%D1%83%D0%BF%D0%BB%D0%B5%D0%BD%D0%B8%D0%B5%D1%82%D0%BE_%D0%A8%D0%BE%D1%83%D1%88%D0%B5%D0%BD%D0%BA\">Изкуплението Шоушенк</a>&ldquo;, &bdquo;<a title=\"Бъди до мен\" href=\"https://bg.wikipedia.org/wiki/%D0%91%D1%8A%D0%B4%D0%B8_%D0%B4%D0%BE_%D0%BC%D0%B5%D0%BD\">Бъди до мен</a>&ldquo; и &bdquo;<a class=\"new\" title=\"Мъглата (страницата не съществува)\" href=\"https://bg.wikipedia.org/w/index.php?title=%D0%9C%D1%8A%D0%B3%D0%BB%D0%B0%D1%82%D0%B0&amp;action=edit&amp;redlink=1\">Мъглата</a>&ldquo;.</p>\r\n<p>&nbsp;</p>\r\n<p>Първото участие на автора във филмирана негова творба е във филма на Джордж Ромеро &bdquo;Рицари&ldquo;, като палячо в публиката. Първата му роля е в &bdquo;<a class=\"new\" title=\"Creepshow (страницата не съществува)\" href=\"https://bg.wikipedia.org/w/index.php?title=Creepshow&amp;action=edit&amp;redlink=1\">Creepshow</a>&ldquo;, където играе Джорди Верил, който след като докосва паднал метеорит се опитва да го продаде, заради което по него пониква мъх. От това той има малки роли в няколко адаптации по негови произведения. В &bdquo;<a class=\"new\" title=\"Гробище за домашни любимци (филм) (страницата не съществува)\" href=\"https://bg.wikipedia.org/w/index.php?title=%D0%93%D1%80%D0%BE%D0%B1%D0%B8%D1%89%D0%B5_%D0%B7%D0%B0_%D0%B4%D0%BE%D0%BC%D0%B0%D1%88%D0%BD%D0%B8_%D0%BB%D1%8E%D0%B1%D0%B8%D0%BC%D1%86%D0%B8_(%D1%84%D0%B8%D0%BB%D0%BC)&amp;action=edit&amp;redlink=1\">Гробище за домашни любимци</a>&ldquo; той играе свещеник на едно погребение, в &bdquo;<a class=\"new\" title=\"Роуз Ред (страницата не съществува)\" href=\"https://bg.wikipedia.org/w/index.php?title=%D0%A0%D0%BE%D1%83%D0%B7_%D0%A0%D0%B5%D0%B4&amp;action=edit&amp;redlink=1\">Роуз Ред</a>&ldquo; е доставчик на пица, в &bdquo;<a title=\"Бурята на века\" href=\"https://bg.wikipedia.org/wiki/%D0%91%D1%83%D1%80%D1%8F%D1%82%D0%B0_%D0%BD%D0%B0_%D0%B2%D0%B5%D0%BA%D0%B0\">Бурята на века</a>&ldquo; е репортер, в &bdquo;<a class=\"new\" title=\"Сблъсък (филм) (страницата не съществува)\" href=\"https://bg.wikipedia.org/w/index.php?title=%D0%A1%D0%B1%D0%BB%D1%8A%D1%81%D1%8A%D0%BA_(%D1%84%D0%B8%D0%BB%D0%BC)&amp;action=edit&amp;redlink=1\">Сблъсък</a>&ldquo; играе Теди Уизак, в минисериала &bdquo;Сиянието&ldquo; е член на група, в &bdquo;<a class=\"new\" title=\"Ланголиерите (филм) (страницата не съществува)\" href=\"https://bg.wikipedia.org/w/index.php?title=%D0%9B%D0%B0%D0%BD%D0%B3%D0%BE%D0%BB%D0%B8%D0%B5%D1%80%D0%B8%D1%82%D0%B5_(%D1%84%D0%B8%D0%BB%D0%BC)&amp;action=edit&amp;redlink=1\">Ланголиерите</a>&ldquo; играе шефа на Крей Туми, в &bdquo;<a class=\"new\" title=\"Сомнамбули (страницата не съществува)\" href=\"https://bg.wikipedia.org/w/index.php?title=%D0%A1%D0%BE%D0%BC%D0%BD%D0%B0%D0%BC%D0%B1%D1%83%D0%BB%D0%B8&amp;action=edit&amp;redlink=1\">Сомнамбули</a>&ldquo; е пазач на гробище. Освен това участва в &bdquo;Златните години&ldquo; в телевизионното предаване &bdquo;Шоуто на Чапъл&ldquo; а заедно с Ейми Тан в <a title=\"Семейство Симпсън\" href=\"https://bg.wikipedia.org/wiki/%D0%A1%D0%B5%D0%BC%D0%B5%D0%B9%D1%81%D1%82%D0%B2%D0%BE_%D0%A1%D0%B8%D0%BC%D0%BF%D1%81%D1%8A%D0%BD\">Семейство Симпсън</a> където играе себе си. Освен като актьор Кинг има опит и като режисьор &ndash; режисира &bdquo;<a class=\"new\" title=\"Максимално натоварване (страницата не съществува)\" href=\"https://bg.wikipedia.org/w/index.php?title=%D0%9C%D0%B0%D0%BA%D1%81%D0%B8%D0%BC%D0%B0%D0%BB%D0%BD%D0%BE_%D0%BD%D0%B0%D1%82%D0%BE%D0%B2%D0%B0%D1%80%D0%B2%D0%B0%D0%BD%D0%B5&amp;action=edit&amp;redlink=1\">Максимално натоварване</a>&ldquo;.</p>\r\n<p>&nbsp;</p>\r\n<p>Кинг продуцира и участва в минисериала &bdquo;<a class=\"new\" title=\"Болница Кралството (страницата не съществува)\" href=\"https://bg.wikipedia.org/w/index.php?title=%D0%91%D0%BE%D0%BB%D0%BD%D0%B8%D1%86%D0%B0_%D0%9A%D1%80%D0%B0%D0%BB%D1%81%D1%82%D0%B2%D0%BE%D1%82%D0%BE&amp;action=edit&amp;redlink=1\">Болница Кралството</a>&ldquo;, който е базиран на датския минесриал &bdquo;Riget&ldquo; на <a title=\"Ларс фон Триер\" href=\"https://bg.wikipedia.org/wiki/%D0%9B%D0%B0%D1%80%D1%81_%D1%84%D0%BE%D0%BD_%D0%A2%D1%80%D0%B8%D0%B5%D1%80\">Ларс фон Триер</a>. Той участва и в написването на сценария на епизода &bdquo;Чинга&ldquo; от сезон пети на &bdquo;<a title=\"Досиетата Х\" href=\"https://bg.wikipedia.org/wiki/%D0%94%D0%BE%D1%81%D0%B8%D0%B5%D1%82%D0%B0%D1%82%D0%B0_%D0%A5\">Досиетата Х</a>&ldquo;.</p>\r\n<p>&nbsp;</p>\r\n<p>През <a title=\"2009\" href=\"https://bg.wikipedia.org/wiki/2009\">2009</a> г. в епизода &bdquo;Трима крале&ldquo; от поредицата <a class=\"mw-redirect\" title=\"Family Guy\" href=\"https://bg.wikipedia.org/wiki/Family_Guy\">Family Guy</a> са пародирани три от адпатираните за кино романи на Кинг&nbsp;&ndash; &bdquo;Бъди до мен&ldquo;, &bdquo;<a title=\"Мизъри (филм)\" href=\"https://bg.wikipedia.org/wiki/%D0%9C%D0%B8%D0%B7%D1%8A%D1%80%D0%B8_(%D1%84%D0%B8%D0%BB%D0%BC)\">Мизъри</a>&ldquo;, &bdquo;Изкуплението Шоушенк&ldquo;.</p>\r\n<p>&nbsp;</p>\r\n<h2><span id=\"Други_занимания\"></span><span id=\".D0.94.D1.80.D1.83.D0.B3.D0.B8_.D0.B7.D0.B0.D0.BD.D0.B8.D0.BC.D0.B0.D0.BD.D0.B8.D1.8F\" class=\"mw-headline\">Други занимания</span></h2>\r\n<h3><span id=\"Комикси\"></span><span id=\".D0.9A.D0.BE.D0.BC.D0.B8.D0.BA.D1.81.D0.B8\" class=\"mw-headline\">Комикси</span></h3>\r\n<p>Кинг е написал няколко <a title=\"Комикс\" href=\"https://bg.wikipedia.org/wiki/%D0%9A%D0%BE%D0%BC%D0%B8%D0%BA%D1%81\">комикса</a>. През <a title=\"1985\" href=\"https://bg.wikipedia.org/wiki/1985\">1985</a> г. той написва няколко страници за &bdquo;<a class=\"new\" title=\"Герои на надеждата (страницата не съществува)\" href=\"https://bg.wikipedia.org/w/index.php?title=%D0%93%D0%B5%D1%80%D0%BE%D0%B8_%D0%BD%D0%B0_%D0%BD%D0%B0%D0%B4%D0%B5%D0%B6%D0%B4%D0%B0%D1%82%D0%B0&amp;action=edit&amp;redlink=1\">Герои на надеждата</a>&ldquo;, в чест на <a title=\"Х-Мен\" href=\"https://bg.wikipedia.org/wiki/%D0%A5-%D0%9C%D0%B5%D0%BD\">Х-Мен</a>. Този брой, чийто приходи са дарени за борбата с глада в Африка, е написан от няколко различни автора на комикси, като например <a class=\"new\" title=\"Крис Клермонт (страницата не съществува)\" href=\"https://bg.wikipedia.org/w/index.php?title=%D0%9A%D1%80%D0%B8%D1%81_%D0%9A%D0%BB%D0%B5%D1%80%D0%BC%D0%BE%D0%BD%D1%82&amp;action=edit&amp;redlink=1\">Крис Клермонт</a>, <a title=\"Стан Лий\" href=\"https://bg.wikipedia.org/wiki/%D0%A1%D1%82%D0%B0%D0%BD_%D0%9B%D0%B8%D0%B9\">Стан Лий</a> и <a class=\"new\" title=\"Алън Мур (страницата не съществува)\" href=\"https://bg.wikipedia.org/w/index.php?title=%D0%90%D0%BB%D1%8A%D0%BD_%D0%9C%D1%83%D1%80&amp;action=edit&amp;redlink=1\">Алън Мур</a>, както и от писатели, които не се занимават основно с комикси, като <a title=\"Харлан Елисън\" href=\"https://bg.wikipedia.org/wiki/%D0%A5%D0%B0%D1%80%D0%BB%D0%B0%D0%BD_%D0%95%D0%BB%D0%B8%D1%81%D1%8A%D0%BD\">Харлан Елисън</a>. На следващата година Кинг пише въведението в 400-ния юбилеен брой на <a title=\"Батман\" href=\"https://bg.wikipedia.org/wiki/%D0%91%D0%B0%D1%82%D0%BC%D0%B0%D0%BD\">Батман</a>, в който изразява предпочитанията си към него, а не към <a title=\"Супермен\" href=\"https://bg.wikipedia.org/wiki/%D0%A1%D1%83%D0%BF%D0%B5%D1%80%D0%BC%D0%B5%D0%BD\">Супермен</a>.</p>\r\n<p>&nbsp;</p>\r\n<p>През 2007 г, <a title=\"Марвел Комикс\" href=\"https://bg.wikipedia.org/wiki/%D0%9C%D0%B0%D1%80%D0%B2%D0%B5%D0%BB_%D0%9A%D0%BE%D0%BC%D0%B8%D0%BA%D1%81\">Марвел Комикс</a> започват да публикуват серия комикси на основата на &bdquo;<a class=\"new\" title=\"Тъмната кула (комикс) (страницата не съществува)\" href=\"https://bg.wikipedia.org/w/index.php?title=%D0%A2%D1%8A%D0%BC%D0%BD%D0%B0%D1%82%D0%B0_%D0%BA%D1%83%D0%BB%D0%B0_(%D0%BA%D0%BE%D0%BC%D0%B8%D0%BA%D1%81)&amp;action=edit&amp;redlink=1\">Тъмната кула</a>&ldquo;, последвана от адаптация на &bdquo;<a class=\"new\" title=\"Сблъсък (комикс) (страницата не съществува)\" href=\"https://bg.wikipedia.org/w/index.php?title=%D0%A1%D0%B1%D0%BB%D1%8A%D1%81%D1%8A%D0%BA_(%D0%BA%D0%BE%D0%BC%D0%B8%D0%BA%D1%81)&amp;action=edit&amp;redlink=1\">Сблъсък</a>&ldquo; през 2008 и &bdquo;<a class=\"new\" title=\"Талисманът (комикс) (страницата не съществува)\" href=\"https://bg.wikipedia.org/w/index.php?title=%D0%A2%D0%B0%D0%BB%D0%B8%D1%81%D0%BC%D0%B0%D0%BD%D1%8A%D1%82_(%D0%BA%D0%BE%D0%BC%D0%B8%D0%BA%D1%81)&amp;action=edit&amp;redlink=1\">Талисманът</a>&ldquo; през 2009 г.</p>\r\n<p>&nbsp;</p>\r\n<p>През 2010 <a title=\"ДиСи Комикс\" href=\"https://bg.wikipedia.org/wiki/%D0%94%D0%B8%D0%A1%D0%B8_%D0%9A%D0%BE%D0%BC%D0%B8%D0%BA%D1%81\">ДиСи Комикс</a> издават първия брой на &bdquo;<a class=\"new\" title=\"Американски вампир (комикс) (страницата не съществува)\" href=\"https://bg.wikipedia.org/w/index.php?title=%D0%90%D0%BC%D0%B5%D1%80%D0%B8%D0%BA%D0%B0%D0%BD%D1%81%D0%BA%D0%B8_%D0%B2%D0%B0%D0%BC%D0%BF%D0%B8%D1%80_(%D0%BA%D0%BE%D0%BC%D0%B8%D0%BA%D1%81)&amp;action=edit&amp;redlink=1\">Американски вампир</a>&ldquo;, който е се издава всеки месец, като негови автори са Кинг и <a class=\"new\" title=\"Скот Шнайдер (страницата не съществува)\" href=\"https://bg.wikipedia.org/w/index.php?title=%D0%A1%D0%BA%D0%BE%D1%82_%D0%A8%D0%BD%D0%B0%D0%B9%D0%B4%D0%B5%D1%80&amp;action=edit&amp;redlink=1\">Скот Шнайдер</a>, а илюстратор е <a class=\"new\" title=\"Рафаел Албъкърк (страницата не съществува)\" href=\"https://bg.wikipedia.org/w/index.php?title=%D0%A0%D0%B0%D1%84%D0%B0%D0%B5%D0%BB_%D0%90%D0%BB%D0%B1%D1%8A%D0%BA%D1%8A%D1%80%D0%BA&amp;action=edit&amp;redlink=1\">Рафаел Албъкърк</a>.</p>\r\n<p>&nbsp;</p>\r\n<h3><span id=\"Радиостанции\"></span><span id=\".D0.A0.D0.B0.D0.B4.D0.B8.D0.BE.D1.81.D1.82.D0.B0.D0.BD.D1.86.D0.B8.D0.B8\" class=\"mw-headline\">Радиостанции</span></h3>\r\n<p>Кинг и съпругата му Табита са собственици на Дъ Зоун Корпорейшън (The Zone Corporation)&nbsp;&ndash; радио група в централен Мейн, която се състои от три станции: спортната WZON, информационната WZON-FM и рокрадиото WKIT-FM. В последната участва герой в стил <a title=\"Франкенщайн (герой)\" href=\"https://bg.wikipedia.org/wiki/%D0%A4%D1%80%D0%B0%D0%BD%D0%BA%D0%B5%D0%BD%D1%89%D0%B0%D0%B9%D0%BD_(%D0%B3%D0%B5%D1%80%D0%BE%D0%B9)\">Франкенщайн</a>, който се казва Дъг Грейвс (<em>в превод &bdquo;Копая Гробове&ldquo;</em>) като част от логото и лозунгът на радиото &bdquo;Рокеднрол станцията на Стивън Кинг&ldquo;.</p>\r\n<p>&nbsp;</p>\r\n<h3><span id=\"Филантропия\"></span><span id=\".D0.A4.D0.B8.D0.BB.D0.B0.D0.BD.D1.82.D1.80.D0.BE.D0.BF.D0.B8.D1.8F\" class=\"mw-headline\">Филантропия</span></h3>\r\n<p>След търгосвския си успех, Кинг и Табита даряват големи суми пари на каузи в Мейн и околността, предимно за литературни проекти.</p>\r\n<p>&nbsp;</p>\r\n<div class=\"thumb tleft\">\r\n<div class=\"thumbinner\" style=\"width: 202px;\"><a class=\"image\" href=\"https://bg.wikipedia.org/wiki/%D0%A4%D0%B0%D0%B9%D0%BB:StephenKingGFDL.PNG\"><img class=\"thumbimage\" src=\"https://upload.wikimedia.org/wikipedia/commons/thumb/2/27/StephenKingGFDL.PNG/200px-StephenKingGFDL.PNG\" alt=\"\" width=\"200\" height=\"327\" data-file-width=\"382\" data-file-height=\"625\" /></a>\r\n<div class=\"thumbcaption\">&nbsp;</div>\r\n</div>\r\n</div>\r\n<div class=\"thumb tleft\">\r\n<div class=\"thumbinner\" style=\"width: 202px;\">\r\n<div class=\"thumbcaption\">Кинг в книжарницата на Харвард, 8 януари 2007 г.</div>\r\n</div>\r\n</div>\r\n<p>&nbsp;</p>\r\n<p>В началото на 90-те Кинг прави дарение за плувния отбор на Университета в Мейн, с което спасява тази програма от изчезване от спортния факултет. Даренията за Младежката Християнска Асоциация (YMCA) и за Световната Женска Работническа Асоциация (YWCA) позволяват да се направят обновявания и подновявания, които иначе биха били невъзможни. Освен това Кинг ежегодно отпуска стипендии за гимазисти и студенти.</p>\r\n<p>&nbsp;</p>\r\n<p>Кинг и Табита даряват всяка година пари на политически организации като Народния Съюз на Мейн.</p>\r\n<p>&nbsp;</p>\r\n<h3><span id=\"Политически_активизъм\"></span><span id=\".D0.9F.D0.BE.D0.BB.D0.B8.D1.82.D0.B8.D1.87.D0.B5.D1.81.D0.BA.D0.B8_.D0.B0.D0.BA.D1.82.D0.B8.D0.B2.D0.B8.D0.B7.D1.8A.D0.BC\" class=\"mw-headline\">Политически активизъм</span></h3>\r\n<p>През април 2008 г, Кинг говори пред Масачузетския държавен съд по повод наредба HB 1423, която ще забрани или ограничи продажбите на видео игри с насилие на лица под 18-годишна възраст. Въпреки че Кинг няма личен интерес към видео игрите като хоби, той критикува предложения закон, в който той вижда опит на политиците да изкарат видео игрите изкупителна жертва на поп културата и да заместят родителите на децата, което според него е &bdquo;катастрофално&ldquo; и &bdquo;недемократично&ldquo;. Освен това той счита закона за непоследователен, защото ще забрани на 17-годишен, който може да гледа законно &bdquo;<a class=\"new\" title=\"Хотелът на ужасите 2 (страницата не съществува)\" href=\"https://bg.wikipedia.org/w/index.php?title=%D0%A5%D0%BE%D1%82%D0%B5%D0%BB%D1%8A%D1%82_%D0%BD%D0%B0_%D1%83%D0%B6%D0%B0%D1%81%D0%B8%D1%82%D0%B5_2&amp;action=edit&amp;redlink=1\">Хотелът на ужасите 2</a>&ldquo;, да си купи <a title=\"Grand Theft Auto: San Andreas\" href=\"https://bg.wikipedia.org/wiki/Grand_Theft_Auto:_San_Andreas\">Grand Theft Auto: San Andreas</a>, която съдържа насилие, но далеч не толкова живописно. Смятайки, че няма художествена стойност в повечето игри, Кинг заявява също, че тези игри са отражение на насилието, което вече съществува в обществото и не трябва да се уреждат с такъв закон, а да се включат в класификационната система, която съществува и за видео игрите.</p>\r\n<p>&nbsp;</p>\r\n<p>Спор се заражда на 5 май 2008 г., когато консервативен блогър публикува видео с Кинг по време на четене в <a title=\"Библиотека на Конгреса\" href=\"https://bg.wikipedia.org/wiki/%D0%91%D0%B8%D0%B1%D0%BB%D0%B8%D0%BE%D1%82%D0%B5%D0%BA%D0%B0_%D0%BD%D0%B0_%D0%9A%D0%BE%D0%BD%D0%B3%D1%80%D0%B5%D1%81%D0%B0\">Библиотеката на Конгреса</a>. Говорейки на гимназистите Кинг казва: &bdquo;Ако можете да четете, ще можете да си намерите работа в бъдеще. Ако не можете ще отидете в армията, Ирак, не знам, нещо такова.&ldquo; Това изказване е коментирано от блогъра като &bdquo;още един от многото либерали в медийното пространство, който нанася удари на армията&ldquo; и е свързано с подобна забележка на <a title=\"Джон Кери\" href=\"https://bg.wikipedia.org/wiki/%D0%94%D0%B6%D0%BE%D0%BD_%D0%9A%D0%B5%D1%80%D0%B8\">Джон Кери</a> от 2006 г. Същия ден Кинг отговаря: &bdquo;Това, че десен блог поставя под съмнение моя патриотизъм, защото съм казал на децата да четат и че могат да си намерят по-добра работа така е повече от презрително... живея в град с национална гвардия и подкрепям нашите войници, но не подкрепям нито войната, нито образователни политики, които ограничават възможностите на младите мъже и жени за каквато и да е кариера &ndash; военна или друга.&ldquo; Кинг отново защитава коментара си в интервю за Бангор Дейли Нюз на 8 май, казвайки: &bdquo;Няма да се извинявам за това, че съм насърчил децата да се стремят към по-добро образование в гимназията, за да имат повече възможности. Не мога да променя мнението на тези, които не са съгласни с мен.&ldquo;</p>\r\n<p>&nbsp;</p>\r\n<p>Според уеб сайта на Кинг, той подкрепя <a title=\"Демократическа партия (САЩ)\" href=\"https://bg.wikipedia.org/wiki/%D0%94%D0%B5%D0%BC%D0%BE%D0%BA%D1%80%D0%B0%D1%82%D0%B8%D1%87%D0%B5%D1%81%D0%BA%D0%B0_%D0%BF%D0%B0%D1%80%D1%82%D0%B8%D1%8F_(%D0%A1%D0%90%D0%A9)\">Демократическата партия</a>. По време на президентските избори през 2008 г., Кинг изразява подкрепата си за кандидата на демократите <a title=\"Барак Обама\" href=\"https://bg.wikipedia.org/wiki/%D0%91%D0%B0%D1%80%D0%B0%D0%BA_%D0%9E%D0%B1%D0%B0%D0%BC%D0%B0\">Барак Обама</a>.</p>\r\n<p>&nbsp;</p>\r\n<p>Кинг е цитиран да нарича консервативния коментатор Глен Бек &bdquo;Умствено увредения по-малък брат на Сатаната&ldquo;.</p>\r\n<p>&nbsp;</p>\r\n<h2><span id=\"Брандът_Кинг\"></span><span id=\".D0.91.D1.80.D0.B0.D0.BD.D0.B4.D1.8A.D1.82_.D0.9A.D0.B8.D0.BD.D0.B3\" class=\"mw-headline\">Брандът Кинг</span></h2>\r\n<p>Много велики автори, оставили голяма следа в световната литература са преследвани от финансови проблеми през целия си живот. Кинг не прави изключение в началото на кариерата си, а той и жена му са принудени да живеят в лоши условия и бедност, докато не идва неговият пробив с романът &bdquo;<a title=\"Кери (книга)\" href=\"https://bg.wikipedia.org/wiki/%D0%9A%D0%B5%D1%80%D0%B8_(%D0%BA%D0%BD%D0%B8%D0%B3%D0%B0)\">Кери</a>&ldquo;. Кинг получава около 400 хиляди долара за тази своя творба и успява да осигури добър стандарт за семейството си. Днес като един от най-продаваните автори за всички времена Кинг има лично състояние от около 400 милиона долара, като само за 2008 неговите приходи възлизат на 45 милиона.</p>', '2017-11-29', '2017-11-29');

-- --------------------------------------------------------

--
-- Table structure for table `books`
--

CREATE TABLE `books` (
  `id` int(10) UNSIGNED NOT NULL,
  `book_name` varchar(191) COLLATE utf8mb4_unicode_ci NOT NULL,
  `excerption` text COLLATE utf8mb4_unicode_ci NOT NULL,
  `author_id` int(11) NOT NULL,
  `photo_path` varchar(191) COLLATE utf8mb4_unicode_ci NOT NULL DEFAULT '/img/book-covers/default.jpg',
  `file_path` text COLLATE utf8mb4_unicode_ci,
  `total_pages` int(11) NOT NULL,
  `created_at` date DEFAULT NULL,
  `updated_at` date DEFAULT NULL
) ENGINE=InnoDB DEFAULT CHARSET=utf8mb4 COLLATE=utf8mb4_unicode_ci;

--
-- Dumping data for table `books`
--

INSERT INTO `books` (`id`, `book_name`, `excerption`, `author_id`, `photo_path`, `file_path`, `total_pages`, `created_at`, `updated_at`) VALUES
(2, 'Test Book', '<p>ksdjhksfsdfsdf</p>', 1, '/img/book-covers/default.jpg', NULL, 920, NULL, '2017-11-29'),
(13, 'Зоро', '<p style=\"text-align: justify;\">ИК &bdquo;Офир&ldquo; предлага за първи път на българския читател класическия приключенски роман на Джонстън Маккъли &bdquo;Зоро&ldquo;. Дописвана от различни автори и преиздавана многократно, книгата е позната у нас предимно от многобройните филмови екранизации &mdash; американската &bdquo;Знакът на Зоро&ldquo;, с участието на Дъглас Феърбанкс, мексиканската &bdquo;Голямото приключение на Зоро&ldquo;, италианско-френската с Ален Делон, игралната и анимационни телевизионни версии и др.</p>\r\n<p style=\"text-align: center;\"><span style=\"text-decoration: line-through;\">&nbsp;</span></p>\r\n<blockquote>\r\n<h5 style=\"text-align: center;\"><span style=\"text-decoration: underline;\"><em>Според видния кинокритик Й. Теплиц със Зоро &bdquo;се ражда героят на новото време героят Made in USA, за когото морето е до колене. Новият популярен герой изразява формиращата се философия на американската буржоазия &mdash; &laquo;психологически панамериканизъм&raquo;, който провъзгласява идеите за превъзходството на новата американска нация. Такъв род идеи са помагали да се преодолее комплексът за непълноценност, който младата Америка изпитва към старата европейска цивилизация.&ldquo;</em></span></h5>\r\n</blockquote>', 6, '/img/book-covers/4552.max.jpg', '/pdf/Dzhonstyn_Makkyli_-_Zoro_-4552-b.txt', 251, '2017-11-24', '2017-11-29'),
(26, 'Test Random Name', '<p>adasd</p>', 6, '/img/book-covers/img_5a1ea00d42697', '/pdf/freesofiatour_flyer-105x148mm-front-print.pdf', 222, '2017-11-29', '2017-11-29'),
(32, 'Бенито Хуарес', '<p>Екранизация на романа е филма на режисьора Ханс Кньоцш: &bdquo;Ловци в прериите на Мексико: Бенито Хуарес&ldquo; (Pr&auml;riej&auml;ger in Mexiko: Benito Juarez, 1988). С Гойко Митич в ролята на Мечешко око, Джоко Росич &mdash; трапера &bdquo;Лешоядовия клюн&ldquo;, Кольо Дончев в ролята на Черния Жерар и др.</p>', 12, '/img/book-covers/img_5a1eb1e35c3c7', '/pdf/Karl_Maj_-_Benito_Huares_-1745-b.txt', 350, '2017-11-29', '2017-11-29'),
(33, 'Отшелника', '<p>Един странен мъж се заселва в самотна порутена кула. Кой е той, откъде идва, какви тайни крие хилядолетното отбранително съоръжение, никой не знае. Стари истории се вплитат в настоящето. Алчни и престъпни хора не се спират пред нищо в стремежа си да докопат изключително съблазнителен майорат.</p>', 12, '/img/book-covers/img_5a1eb2cf868f0', '/pdf/Karl_Maj_-_Otshelnika_-3071-b.txt', 229, '2017-11-29', '2017-11-29'),
(34, 'Безсъние', '<p id=\"p-1\" style=\"text-align: center;\">&bdquo;<strong>Безсъние&ldquo; е роман на ужасите от Стивън Кинг, издаден през 1994 година. Както и в &bdquo;То&ldquo; и в &bdquo;Капан за сънища&ldquo;, действието му се развива в измисления град Дери, Мейн.</strong></p>\r\n<p style=\"text-align: center;\"><strong>&nbsp;</strong>Тази книга обяснява донякъде мистичната природа на Дери (виж например &bdquo;То&ldquo;), разкрива и някои от метафизичните концепции около &bdquo;Тъмната кула&ldquo; и миналото на Патрик Денвил.</p>\r\n<p>&nbsp;</p>\r\n<p id=\"p-5\">Ралф Робъртс, пенсиониран вдовец, започва да страда от безсъние. С влошаването на състоянието си той започва да вижда неща, които другите не виждат: аурата на хората или малки човечета в бели дрехи, които нарича &bdquo;малките бели доктори&ldquo; заради външността им. Робъртс започва да възприема иначе недоловими аспекти на действителността и влиянието им върху &bdquo;реалния&ldquo; свят. Открива, че негова позната, на име Луиз Чейс, страда от същото. Тя се присъединява към усилията му да предотврати надигащото се зло и научава истината за &bdquo;докторите&ldquo;. (Луиз и Ралф ги наричат &bdquo;Клото, Лахезис и Атропос&ldquo;, по имената на орисниците от гръцката митология.) Фонът, на който се развива действието, е наближаващият сблъсък между група от защитници на правата на жените и група противници на абортите.</p>', 13, '/img/book-covers/img_5a1eb45649fba', '/pdf/Stivyn_King_-_Bezsynie_-2031-b.txt', 312, '2017-11-29', '2017-11-30');

-- --------------------------------------------------------

--
-- Table structure for table `book_user`
--

CREATE TABLE `book_user` (
  `id` int(10) UNSIGNED NOT NULL,
  `user_id` int(11) NOT NULL,
  `book_id` int(11) NOT NULL,
  `pages_read` int(11) NOT NULL DEFAULT '0',
  `created_at` timestamp NULL DEFAULT NULL,
  `updated_at` timestamp NULL DEFAULT NULL
) ENGINE=InnoDB DEFAULT CHARSET=utf8mb4 COLLATE=utf8mb4_unicode_ci;

--
-- Dumping data for table `book_user`
--

INSERT INTO `book_user` (`id`, `user_id`, `book_id`, `pages_read`, `created_at`, `updated_at`) VALUES
(119, 1, 3, 0, NULL, NULL),
(148, 1, 13, 25, NULL, NULL),
(155, 4, 13, 22, NULL, NULL),
(157, 4, 34, 23, NULL, NULL),
(158, 4, 33, 95, NULL, NULL),
(159, 4, 32, 12, NULL, NULL),
(160, 4, 26, 22, NULL, NULL);

-- --------------------------------------------------------

--
-- Table structure for table `migrations`
--

CREATE TABLE `migrations` (
  `id` int(10) UNSIGNED NOT NULL,
  `migration` varchar(191) COLLATE utf8mb4_unicode_ci NOT NULL,
  `batch` int(11) NOT NULL
) ENGINE=InnoDB DEFAULT CHARSET=utf8mb4 COLLATE=utf8mb4_unicode_ci;

--
-- Dumping data for table `migrations`
--

INSERT INTO `migrations` (`id`, `migration`, `batch`) VALUES
(1, '2014_10_12_000000_create_users_table', 1),
(2, '2014_10_12_100000_create_password_resets_table', 1),
(3, '2017_11_06_123355_add_role_to_user_table', 2),
(4, '2017_11_06_131042_add_library_table', 3),
(5, '2017_11_07_074645_add_authors_table', 4),
(6, '2017_11_07_094225_create_permission_tables', 5),
(7, '2017_11_14_122434_add_profile_table', 6),
(8, '2017_11_17_075125_add_book_id_to_users', 7),
(9, '2017_11_17_075307_add_profile_to_users', 8),
(10, '2017_11_17_082136_add_profile_table', 9),
(11, '2017_11_17_082507_add_profile_to_users_2', 10),
(12, '2017_11_17_082553_add_profile_table_2', 10),
(13, '2017_11_17_085923_add_profile_to_users_table', 11),
(14, '2017_11_17_120143_add_relation_table_book_user', 11),
(15, '2017_11_23_085006_add_pages_readed_book_user_table', 12);

-- --------------------------------------------------------

--
-- Table structure for table `password_resets`
--

CREATE TABLE `password_resets` (
  `email` varchar(191) COLLATE utf8mb4_unicode_ci NOT NULL,
  `token` varchar(191) COLLATE utf8mb4_unicode_ci NOT NULL,
  `created_at` timestamp NULL DEFAULT NULL
) ENGINE=InnoDB DEFAULT CHARSET=utf8mb4 COLLATE=utf8mb4_unicode_ci;

-- --------------------------------------------------------

--
-- Table structure for table `users`
--

CREATE TABLE `users` (
  `id` int(10) UNSIGNED NOT NULL,
  `name` varchar(191) COLLATE utf8mb4_unicode_ci NOT NULL,
  `email` varchar(191) COLLATE utf8mb4_unicode_ci NOT NULL,
  `password` varchar(191) COLLATE utf8mb4_unicode_ci NOT NULL,
  `remember_token` varchar(100) COLLATE utf8mb4_unicode_ci DEFAULT NULL,
  `created_at` timestamp NULL DEFAULT NULL,
  `updated_at` timestamp NULL DEFAULT NULL,
  `role` varchar(191) COLLATE utf8mb4_unicode_ci NOT NULL DEFAULT 'user'
) ENGINE=InnoDB DEFAULT CHARSET=utf8mb4 COLLATE=utf8mb4_unicode_ci;

--
-- Dumping data for table `users`
--

INSERT INTO `users` (`id`, `name`, `email`, `password`, `remember_token`, `created_at`, `updated_at`, `role`) VALUES
(1, 'admin', 'admin@admin.admin', '$2y$10$VpGpZxIjM6NZs3Gj8vZID.yQsuTmLYtY0nATKdqTarMH61APtFFJK', 'QyLlGb0JHLfw7cGlaVnLBskWphnnvgLrEFvxXKg9FZXrlQYRdZsRklEfmhWv', '2017-11-06 10:25:29', '2017-11-06 10:25:29', 'admin'),
(2, 'user', 'user@library.dev', '$2y$10$Kor1TdhbdemGedvrAQO5nu1sSYEXTz3VzocSZgbGKrdtOyJ1/Gxjq', 'x91nD8eAzDvc0M051t6XrytDbRM4B3mjtM2T6F6cBcBCXbTO3r3oc2bxt516', '2017-11-06 11:01:52', '2017-11-06 11:01:52', 'user'),
(4, 'test', 'test@test.test', '$2y$10$WpgdA9lI3wtXD3MF/IAXoeF2QyetfKkkPZ/DFlpgig1eihD4Qdedm', 'VE3mFvmDG7sDSNInNUctZgJv5BcpMd7AJgFHEu2Gg3nGu5aUx9QyTlRd6wvz', '2017-11-23 07:38:55', '2017-11-23 07:38:55', 'admin');

--
-- Indexes for dumped tables
--

--
-- Indexes for table `authors`
--
ALTER TABLE `authors`
  ADD PRIMARY KEY (`id`);

--
-- Indexes for table `books`
--
ALTER TABLE `books`
  ADD PRIMARY KEY (`id`),
  ADD KEY `author_id` (`author_id`);

--
-- Indexes for table `book_user`
--
ALTER TABLE `book_user`
  ADD PRIMARY KEY (`id`);

--
-- Indexes for table `migrations`
--
ALTER TABLE `migrations`
  ADD PRIMARY KEY (`id`);

--
-- Indexes for table `password_resets`
--
ALTER TABLE `password_resets`
  ADD KEY `password_resets_email_index` (`email`);

--
-- Indexes for table `users`
--
ALTER TABLE `users`
  ADD PRIMARY KEY (`id`),
  ADD UNIQUE KEY `users_email_unique` (`email`);

--
-- AUTO_INCREMENT for dumped tables
--

--
-- AUTO_INCREMENT for table `authors`
--
ALTER TABLE `authors`
  MODIFY `id` int(10) UNSIGNED NOT NULL AUTO_INCREMENT, AUTO_INCREMENT=14;
--
-- AUTO_INCREMENT for table `books`
--
ALTER TABLE `books`
  MODIFY `id` int(10) UNSIGNED NOT NULL AUTO_INCREMENT, AUTO_INCREMENT=35;
--
-- AUTO_INCREMENT for table `book_user`
--
ALTER TABLE `book_user`
  MODIFY `id` int(10) UNSIGNED NOT NULL AUTO_INCREMENT, AUTO_INCREMENT=161;
--
-- AUTO_INCREMENT for table `migrations`
--
ALTER TABLE `migrations`
  MODIFY `id` int(10) UNSIGNED NOT NULL AUTO_INCREMENT, AUTO_INCREMENT=16;
--
-- AUTO_INCREMENT for table `users`
--
ALTER TABLE `users`
  MODIFY `id` int(10) UNSIGNED NOT NULL AUTO_INCREMENT, AUTO_INCREMENT=5;COMMIT;

/*!40101 SET CHARACTER_SET_CLIENT=@OLD_CHARACTER_SET_CLIENT */;
/*!40101 SET CHARACTER_SET_RESULTS=@OLD_CHARACTER_SET_RESULTS */;
/*!40101 SET COLLATION_CONNECTION=@OLD_COLLATION_CONNECTION */;
